year,Africa Eastern and Southern,Afghanistan,Africa Western and Central,Angola,Albania,Andorra,Arab World,United Arab Emirates,Argentina,Armenia,Antigua and Barbuda,Australia,Austria,Azerbaijan,Burundi,Belgium,Benin,Burkina Faso,Bangladesh,Bulgaria,Bahrain,Bahamas,Bosnia and Herzegovina,Belarus,Belize,Bolivia,Brazil,Barbados,Brunei,Bhutan,Botswana,Central African Republic,Canada,Central Europe and the Baltics,Switzerland,Chile,China,Ivory Coast,Cameroon,DR Congo,Republic of the Congo,Colombia,Comoros,Cape Verde,Costa Rica,Caribbean small states,Cuba,Cyprus,Czech Republic,Germany,Djibouti,Dominica,Denmark,Dominican Republic,Algeria,East Asia & Pacific (excluding high income),Early-demographic dividend,East Asia & Pacific,Europe & Central Asia (excluding high income),Europe & Central Asia,Ecuador,Egypt,Euro area,Eritrea,Spain,Estonia,Ethiopia,European Union,Fragile and conflict affected situations,Finland,Fiji,France,Micronesia,Gabon,United Kingdom,Georgia,Ghana,Guinea,Gambia,Guinea-Bissau,Equatorial Guinea,Greece,Grenada,Guatemala,Guyana,High income,Honduras,Heavily indebted poor countries (HIPC),Croatia,Haiti,Hungary,IBRD only,IDA & IBRD total,IDA total,IDA blend,Indonesia,IDA only,India,Ireland,Iran,Iraq,Iceland,Israel,Italy,Jamaica,Jordan,Japan,Kazakhstan,Kenya,Kyrgyzstan,Cambodia,Kiribati,Saint Kitts and Nevis,South Korea,Kuwait,Latin America & Caribbean (excluding high income),Laos,Lebanon,Liberia,Libya,Saint Lucia,Latin America & Caribbean,Least developed countries: UN classification,Low income,Sri Lanka,Lower middle income,Low & middle income,Lesotho,Late-demographic dividend,Lithuania,Luxembourg,Latvia,Morocco,Monaco,Moldova,Madagascar,Maldives,Middle East & North Africa,Mexico,Marshall Islands,Middle income,North Macedonia,Mali,Malta,Myanmar,Middle East & North Africa (excluding high income),Montenegro,Mongolia,Mozambique,Mauritania,Mauritius,Malawi,Malaysia,North America,Namibia,Niger,Nigeria,Nicaragua,Netherlands,Norway,Nepal,Nauru,New Zealand,OECD members,Oman,Other small states,Pakistan,Panama,Peru,Philippines,Palau,Papua New Guinea,Poland,Pre-demographic dividend,Portugal,Paraguay,Pacific island small states,Post-demographic dividend,Qatar,Romania,Russia,Rwanda,South Asia,Saudi Arabia,Sudan,Senegal,Singapore,Solomon Islands,Sierra Leone,El Salvador,San Marino,Serbia,Sub-Saharan Africa (excluding high income),South Sudan,Sub-Saharan Africa,Small states,Sao Tome and Principe,Suriname,Slovak Republic,Slovenia,Sweden,Eswatini,Seychelles,Syria,Chad,East Asia & Pacific (IDA & IBRD countries),Europe & Central Asia (IDA & IBRD countries),Togo,Thailand,Tajikistan,Turkmenistan,Latin America & the Caribbean (IDA & IBRD countries),Timor-Leste,Middle East & North Africa (IDA & IBRD countries),Tonga,South Asia (IDA & IBRD),Sub-Saharan Africa (IDA & IBRD countries),Trinidad and Tobago,Tunisia,Turkey,Tuvalu,Tanzania,Uganda,Ukraine,Upper middle income,Uruguay,United States,Uzbekistan,Saint Vincent and the Grenadines,Venezuela,Vietnam,Vanuatu,World,Samoa,Yemen,South Africa,Zambia,Zimbabwe
2000,44.19524895,44.33387089,20.36279182,12.99896717,80.61695099,1302.620728,113.338487,787.0211182,708.7695313,26.12908936,512.5682983,1638.814941,2269.126465,19.14171791,8.42834568,1849.916016,15.90676403,7.54438114,8.56026173,94.49745178,485.6864624,1030.968994,113.3132629,57.66816711,132.7074585,43.84843826,312.5392761,600.80896,508.5484009,30.89350891,205.2371521,10.18517113,2007.880859,221.140527,3559.819824,356.9637756,42.11240387,55.2961998,28.0037632,19.86825752,17.48368263,132.879715,47.0023613,63.03440475,248.753418,254.4274559,180.8112183,750.5167236,342.921051,2344.354736,31.95798492,254.785553,2496.047119,140.138855,61.58218002,37.88552209,67.22962536,239.077461,91.8674255,939.8724977,48.12062454,73.65684509,1750.663447,13.75257683,1005.283997,209.7131348,5.38449526,1432.315498,38.49839342,1722.832642,77.02472687,2161.853027,168.4578552,127.9613724,2029.524902,51.85281754,16.60114098,23.25880432,50.86863708,21.97258759,41.02703094,885.4104004,270.9839172,83.95554352,63.88974762,2400.035774,68.51774597,17.73747747,371.0621338,29.78231049,313.1085815,77.62859148,65.0863199,16.72711914,19.31911341,15.72359753,15.40375032,18.50239372,1564.837402,80.85904694,146.7497313,2873.848145,1513.944702,1524.239624,191.4724731,159.147644,2740.674805,50.99633026,20.51720238,12.29036808,19.732481,68.88991547,458.5593872,474.2362366,406.4113464,275.6468634,14.38795185,479.6019898,13.01916981,244.6750031,289.2843018,285.1500963,12.22629286,15.45678831,43.71691132,24.63365395,60.71370748,23.37423134,87.94852492,217.1761322,2901.199951,181.5707245,53.68618393,1408.094238,21.37988472,13.12315464,221.9207306,147.3807421,318.4615173,431.5645752,64.08224847,164.4736481,14.7887373,647.1015015,4.33537483,80.08070361,619.7566325,27.00856018,7.08691597,22.85624313,118.9770737,7.47427797,110.7465973,4294.735943,209.9229584,9.24822903,17.73399544,52.80468369,2028.159912,2948.931641,8.55345249,456.1725769,1053.891602,2151.391425,263.5175171,227.4944149,15.58189678,285.2023315,84.07585907,32.77544785,678.1436768,17.84069252,238.0044861,17.85619559,995.3421021,100.1265335,89.32945982,2478.020161,602.1158447,69.89345551,95.4120636,9.322052,17.49122579,386.2592163,15.23164654,21.72433662,797.2903442,49.11304855,23.31109047,178.6319275,2141.73999,56.50500107,34.17918206,25.24091021,34.21931858,224.0642617,56.67601013,168.918747,203.5062714,796.6470337,2173.193848,79.68417358,349.9909668,54.21872711,10.26314449,37.88793365,106.5557741,11.41868877,62.2649498,5.97125244,76.63774109,286.8393221,62.40654704,80.08070361,58.27169418,17.49122579,34.21931858,277.2157898,111.6608505,199.4993744,359.1017761,12.6108675,16.63032341,35.13175964,108.9872946,687.930542,4543.436035,35.63145828,157.9358673,355.1282349,18.91674423,48.71302414,478.8057165,63.03668213,25.82774544,247.5892334,24.72463989,107.6545993
2001,38.93847086,44.33387089,21.03454484,28.91812134,89.58073425,1347.484985,116.5093373,777.1306152,675.0578613,32.25933838,563.7371216,1564.166504,2282.515869,19.19028282,8.60474777,1879.934814,16.83250046,7.71472406,8.36238003,119.8299789,484.9073486,1078.694458,112.0685196,74.33643341,157.4631958,45.78475189,270.1898193,619.3395996,464.7904358,35.94556046,201.8108063,9.56678581,2063.92749,252.1759466,3763.384521,327.1319885,43.66367722,55.29138565,26.70227814,6.03850174,20.6484375,136.6105347,44.58984756,67.14394379,256.3935852,249.1975713,198.1336517,782.1616211,388.5440369,2346.61499,31.04225731,226.9600678,2602.642822,145.3536682,66.80211639,39.0204385,68.33256063,222.4391214,96.98628927,971.0399166,71.11089325,73.07783508,1792.154761,14.51352882,1045.050659,214.7041473,5.61692476,1474.791195,40.15327158,1806.050171,64.19378662,2192.71582,190.0736847,125.8794708,2101.836426,55.22227478,19.63329506,22.10682106,42.06741714,22.55652237,58.39388657,1004.81543,283.4758301,100.3934326,61.65347672,2488.076309,67.19782257,16.8258502,388.3248901,26.90669823,359.6974793,78.58872381,65.61599213,16.22947543,18.42869537,17.24096489,15.10591838,19.79767799,1823.734741,94.61769867,146.7497313,2557.269531,1559.083252,1586.657104,177.2637482,170.0458069,2479.811523,51.56954956,21.25755501,13.16161728,22.56290054,90.62192535,451.6802368,508.3613281,528.6975098,268.545127,14.76590061,459.4657898,10.75422287,253.9099121,288.7567444,279.4173358,12.08049786,14.04621797,41.32370377,26.02840665,60.85126809,27.73780632,88.75126049,218.8180237,3109.201416,205.0204773,55.9498291,1431.133911,25.39859009,15.91025352,230.1708679,154.4076728,363.673584,387.9553528,64.38915575,152.1587219,13.90679646,685.9840088,4.48454952,85.05642538,619.7566325,26.48761559,8.61284161,23.078022,119.4685364,6.19080305,114.0321503,4616.423389,185.4050446,9.8859024,18.60057449,57.04565811,2175.732666,3099.003418,10.52144337,346.1297607,1049.376099,2227.952446,261.3163757,225.1148792,13.58520222,281.0045166,89.9174881,28.20890999,639.4606934,17.44826126,282.8210449,17.7386672,1015.549683,87.77079773,86.11225856,2571.464638,659.9840698,78.8175354,118.1094894,7.92092705,18.26152417,387.4862976,16.57659912,23.85724831,696.6171875,63.79349136,25.17224312,182.8806458,2168.833252,112.2206345,31.39498793,25.24091021,31.4415803,220.9510314,53.56918335,93.65898895,212.2220764,826.225769,2155.854248,78.20019531,407.4513245,58.47392654,11.80953884,39.02217301,115.4277857,11.3970356,57.29465866,7.67240763,123.7940674,280.5359427,62.40654704,85.05642538,59.96763992,18.26152417,31.4415803,284.2960205,114.8865891,153.6227417,272.0803833,15.53204823,16.18933678,44.7864418,108.4626207,668.9579468,4894.280762,30.44022942,171.3984528,391.3236389,23.18782616,46.25571823,491.8883327,58.87117767,27.19543648,211.6915588,25.0923233,107.6545993
2002,35.95896201,15.80316353,22.11977082,29.04936409,96.27111816,1528.75061,115.7608084,857.9119263,223.8486023,59.63238907,550.0645752,1770.466187,2497.865967,20.59105873,7.96743488,2084.719971,17.49715614,8.75488853,9.34001255,148.1479187,503.0300598,1100.532593,127.2113953,87.08403778,166.045044,44.27474976,246.9470062,665.9202881,473.2272339,36.13760376,204.8869324,10.97875595,2159.315918,298.2324758,4211.729492,323.0671692,49.14166641,58.75072098,30.54583931,4.6487875,17.19757652,130.4255219,50.12067795,72.8820343,277.6987,267.592234,213.3907929,890.4829712,497.7420349,2567.50293,40.19449615,222.0938568,2895.807373,155.0956116,66.46335602,43.53423648,62.02942541,224.2444978,115.9635716,1095.683567,97.16691589,68.25554657,1996.237153,15.21526051,1174.579346,250.4802094,5.25928497,1651.08898,34.7472302,2054.262939,73.04816437,2449.758301,178.5595856,137.9282532,2386.212402,64.06044006,20.25615883,25.11639214,40.10683441,21.6668129,73.83692169,1168.824097,322.0144043,107.955986,66.68852234,2694.568535,70.8179245,17.59466268,386.4440918,21.99154663,473.1278381,77.18601296,64.33877673,17.04183574,18.78712834,19.39154434,16.17720648,20.23548126,2200.357422,105.7711716,146.7497313,3091.28833,1403.31604,1762.537598,171.2720642,174.0001984,2404.646484,59.46535873,21.68992996,14.77255917,24.55882645,98.50437927,473.8865356,544.0371704,557.5675659,230.2487347,13.1817894,418.0903015,9.05239582,180.9859467,304.0297852,238.2797261,13.04999139,14.9453914,42.84844971,26.87706906,59.98062342,23.51197433,94.34800521,254.3668823,3600.867432,237.295166,63.52367401,1560.809448,33.9242363,15.86859512,247.301651,153.0258862,385.0985107,362.4295349,63.65688746,175.036026,16.81324387,830.6463013,6.86361122,86.27963979,619.7566325,29.65744781,10.01789761,25.60134125,135.9414368,11.26799107,121.0818405,5011.739435,176.7079163,11.05829048,18.20248985,57.37988281,2544.809082,3889.959473,10.71954441,298.3062134,1246.313477,2411.310574,274.3796082,249.0827004,15.18973827,291.9536438,98.33521271,27.33049011,665.6698608,19.96473694,315.8314514,18.44805138,1139.402954,61.89070129,94.64440117,2790.688087,742.269043,96.57698822,140.7553864,7.30057716,18.83124947,369.5001831,18.30408287,26.9206295,757.1998291,80.39586639,28.83034897,186.4581757,2219.18335,173.2553253,30.11932437,25.24091021,30.16264391,242.5514458,57.76805878,162.9091034,254.127655,944.8713989,2459.098389,77.6235733,378.299469,63.93671417,18.21106911,43.53564649,135.4055635,12.85665989,69.9021225,8.35373688,132.5186005,238.0805481,62.40654704,86.27963979,68.0438385,18.83124947,30.16264391,338.2855225,125.9122696,186.6913757,218.1291962,17.41364098,15.92738056,52.87649155,106.3158893,430.2504273,5322.742188,24.47666931,184.0023041,285.6197205,19.65594101,52.87108231,522.6794441,76.19980621,28.01715851,186.7814789,25.96962738,107.6545993
2003,51.54997953,17.03574371,34.06893258,34.87518692,125.9879761,1820.04187,112.5419266,886.5012207,262.2865906,66.77802277,602.6936035,2249.290771,3091.240234,23.80008125,7.16897345,2828.333496,21.60637474,11.77481174,10.27598572,195.7436981,567.2379761,1138.740601,180.9941711,109.8769302,168.3944397,47.16543961,251.4379425,781.9650879,535.2774048,37.73608017,267.4949341,13.49363136,2562.914551,372.9412809,5018.527344,349.9878235,55.6510849,66.02466583,37.04441071,6.6394062,21.75997162,128.0061493,62.38849258,89.07603455,289.0682678,273.7752099,227.0909576,1145.058472,640.6604004,3152.794189,46.11334229,237.3544617,3607.042969,106.1385651,75.7433548,49.71702208,68.72103284,251.6693355,142.8745246,1357.863398,131.9830933,53.82350159,2501.637748,18.9991188,1641.058716,349.0580444,5.84133863,2071.592401,39.37277394,2606.775879,91.39411163,3006.305908,219.3636017,174.4916077,2796.341064,77.73462677,23.8780365,25.97828102,32.37854767,25.36907578,108.553566,1566.40979,300.3641968,113.6128998,69.84244537,3059.189226,79.79921722,20.21141751,512.1520996,18.31630516,682.8656616,85.59586238,71.71741221,21.02264114,26.75737758,26.05935287,18.17560542,21.99779892,2910.932129,116.6152039,28.1536808,3861.736084,1433.670776,2163.025391,146.8826294,171.0476685,2642.227051,76.02937317,25.03597069,22.32097054,25.21897125,108.2701035,487.4154968,644.1321411,611.3574219,240.8956531,17.97390747,385.026947,8.48155403,189.6885071,322.109314,246.6368383,14.96407454,16.860856,42.36933517,30.50000718,67.25596915,31.49400139,105.3180162,338.8630676,4607.402832,280.5087891,79.60365295,2214.794922,38.43836975,17.50807953,235.6195221,149.9256472,411.4224243,351.1767578,71.41791797,217.2165527,19.8693943,1074.09314,6.37247419,83.67914524,619.7566325,26.50799942,11.07119751,28.94956589,162.0018463,12.50175095,142.1013794,5420.5301,259.2511292,12.78417873,39.43843842,61.17759705,3244.355713,4632.568359,11.33715725,275.3777466,1610.937622,2733.827323,287.6635132,312.9452041,14.45083237,286.9850464,98.09124756,32.2433815,701.3195801,21.63471603,339.3352051,25.87778709,1443.37793,67.00151825,100.8159304,3173.243464,1218.352417,143.5455322,164.6477356,17.31920624,20.19021948,382.3901062,24.7358799,35.739254,852.968811,55.79892731,28.85776711,185.7367554,2465.887207,230.0886536,44.17923775,25.24091021,44.22674378,289.9873718,80.1392746,173.2046356,344.4733582,1203.063477,3110.199707,137.0496063,440.7177429,61.29418945,18.23923874,49.71824623,163.9932852,15.73219013,76.5091095,11.17181587,208.8675232,246.2441968,14.7028265,83.67914524,74.03245544,20.19021948,44.22674378,374.0027161,150.8267059,238.6871796,287.8776856,20.81579018,14.43743706,68.91546631,118.7900802,378.6530762,5732.229492,25.58103943,186.0557404,245.4015656,22.37121964,55.42980957,586.9883897,85.76576996,35.71838379,296.9243774,31.30976868,107.6545993
2004,63.53127558,20.4127636,38.68928665,49.81074142,156.5681763,2043.302246,123.2862891,894.5404053,311.6450501,72.17178345,585.7212524,2767.136963,3594.650391,27.38257599,9.8821106,3326.637207,24.56986427,17.64383125,11.08631516,233.113327,550.3598023,1148.942383,244.5274048,142.7480164,170.2119904,47.04486847,295.5286255,915.3046265,619.2869873,46.90710449,293.9719544,14.26363945,2925.067139,446.7367993,5608.703125,427.5166931,63.26198578,69.84380341,40.62355042,8.57719994,27.93210793,157.5755768,68.60703278,98.08786774,292.0318298,312.417122,231.9878235,1286.971558,746.3289185,3459.824951,40.28805161,247.4588165,4194.873535,106.6501617,92.50652313,55.92885493,77.78765774,278.2023983,180.8743136,1575.367414,149.8138428,53.93090057,2860.455286,22.12163734,1924.445313,455.0681152,5.88065052,2374.515008,46.13296334,3035.97876,117.6728058,3458.627441,270.7167969,191.2083893,3384.605225,100.874176,26.37380219,26.85198975,35.62044907,33.14950943,138.1389465,1782.695923,308.148407,122.2627335,76.36300659,3370.283172,83.47966766,23.21228802,634.6203003,23.67709351,798.4536133,99.6288419,83.13597221,23.67971998,29.79840316,26.52274895,20.64272063,25.06458473,3483.160645,142.404541,53.49328613,4430.375,1488.161377,2565.627441,179.3847046,184.5114899,2875.933594,112.7056961,27.09413719,27.23155212,28.98139381,140.2951965,491.5245056,717.2919312,636.68396,272.8435666,16.57514763,370.4224548,26.17549706,201.769455,314.0553284,280.6082272,17.68832419,19.61710953,50.92406845,34.4641777,77.75040127,40.47373199,123.7123664,366.9596863,5610.353516,393.2980652,93.63453674,2570.476807,64.60714722,14.94954586,294.9519043,165.1746378,445.6203919,421.3297424,82.63556229,233.9918213,23.00780487,1223.857422,6.79912138,96.33685252,619.7566325,33.172966,14.07469845,30.71713829,189.9288025,16.20174026,154.2668457,5785.281248,352.8094177,14.30790138,44.63315582,65.40616608,3689.429932,5097.344238,13.22838974,219.6869965,1983.658813,3011.924035,301.3301086,362.1087819,15.63451576,326.210907,106.0334702,34.17014694,828.7808838,25.62973022,392.0033875,31.07631388,1723.744019,82.83692169,124.7685733,3498.717943,1295.111816,190.7950592,209.1970978,20.55388832,22.91645673,400.875824,32.12231064,42.58594131,867.5126343,66.97502899,29.22132874,193.6116791,2910.730469,274.4553223,53.06985549,25.24091021,53.12169698,335.3079663,80.69898987,221.2223663,511.5298767,1368.648682,3488.172852,183.9289246,499.1170654,61.67289352,28.27807426,55.92972872,204.5663866,17.20272064,83.49951172,14.93279266,319.2583618,280.7870197,19.33460426,96.33685252,110.7025452,22.91645673,53.12169698,449.8487244,169.6773682,299.5606384,228.3738098,23.90641594,18.83850098,84.58253479,138.9222872,371.6006165,6097.287598,27.97478294,195.942688,293.3965759,28.7441864,63.296772,646.4914101,109.0597458,39.15239334,375.3083801,37.97074127,107.6545993
2005,70.45104707,23.89050102,44.22012846,54.26077652,165.2653656,2299.703613,136.9745594,913.3560791,392.5887451,96.35484314,626.7166748,3013.087646,3710.397949,35.07611465,12.77716923,3419.693115,24.14694977,18.09339523,11.60705376,267.741394,570.2942505,1220.788208,262.8928223,198.3073731,174.4114533,52.48216629,384.9320068,935.6404419,646.1602173,47.74116898,277.0609741,15.28491306,3296.501465,522.5036194,5673.94043,500.6451721,71.86441803,64.44137573,41.45746613,9.28722,31.53102112,207.1589966,65.68196106,100.6719818,311.7087708,345.7737397,331.532135,1366.01709,852.6524658,3558.213379,40.95962524,256.7341309,4442.755371,171.230011,100.713829,64.22768287,88.74468806,292.0166618,227.5089873,1667.66443,167.945816,63.86014175,2977.785855,20.64316559,2060.330811,524.6801148,6.65360308,2486.458801,53.32610448,3228.952148,129.1028748,3575.025146,417.7243652,199.664856,3552.643066,126.4450836,40.9943161,19.9973259,38.13536453,34.49228668,163.8336792,1935.267578,341.8997498,132.334137,87.04457092,3550.730503,98.11772919,26.25666006,727.1310425,24.89042091,895.2033081,117.4987139,97.72451789,27.3705694,35.83283538,34.78797531,23.16934311,27.66702271,3938.191162,174.8438721,53.76188278,5111.64209,1555.036011,2677.552246,186.5417328,193.5009613,2883.300049,144.7014008,30.47352028,36.11393356,32.4956665,139.9230957,551.9799194,886.2874146,716.5508423,330.5541968,17.68591881,345.3574219,28.4993782,212.0568085,337.5200806,337.5859189,19.87916441,22.48572866,57.3034668,40.03061315,91.53636449,40.76879501,148.3333025,438.9326782,5818.145996,440.8097534,97.53405762,2628.361084,79.33213043,16.62431908,321.3184204,184.4137133,483.0953674,544.329773,97.44062509,233.1067352,25.40553093,1379.686401,7.41623688,108.0104084,619.7566325,37.50867462,18.23710632,33.04816818,197.6750488,17.5325985,163.0950012,6143.742002,380.7490845,18.20683098,54.55794525,72.34895325,3823.501465,5584.689453,14.45738506,335.6072388,2295.177979,3174.908266,320.2121887,394.2944412,19.88389397,304.4779968,124.2922592,46.57011795,873.7719116,27.67082405,465.7001953,35.29256434,1814.354492,89.03581238,147.9477493,3687.696578,1321.939453,254.5296173,271.884613,25.63013649,25.53949965,471.1194458,40.80571747,36.47798538,908.9459839,91.49902344,32.27239609,204.8970337,3005.063721,307.5470581,59.40382932,25.24091021,59.45575481,367.3682507,91.50232697,251.2885895,601.3132324,1449.189209,3547.633301,227.4730377,516.1693726,63.55982208,31.99307251,64.22911101,254.8651933,18.11136246,91.44425964,17.73142815,345.1427307,336.8752371,24.51493263,108.0104084,116.7634201,25.53949965,59.45575481,553.0686035,172.3444367,364.9080505,242.8870392,28.24069595,26.12890434,116.3311691,165.1335162,440.4519959,6454.403809,32.42808914,204.6110687,333.2996216,35.03743744,62.3782196,685.8323066,126.3174896,43.37588501,413.9989624,48.21477509,107.6545993
2006,77.24302425,27.83657074,50.84689212,69.81230164,174.5302429,2161.205322,157.5241234,974.5206299,455.7980957,126.252945,648.2271118,3184.807617,3882.981934,50.24787903,16.64111137,3558.121338,25.45315742,21.37371254,12.33577824,294.1089172,591.3112793,1323.530884,303.5122376,223.831192,189.3328552,56.81023026,485.5993347,1000.617188,654.6901856,55.31650925,263.605957,16.59565353,3788.090088,580.0235531,5671.981445,571.201416,81.22816467,62.54813385,42.83129883,11.22324371,36.82757568,237.0175171,63.42575836,118.3291397,362.5049133,370.2902562,387.420166,1474.02063,942.118042,3697.921631,47.32995605,263.9116516,4778.891602,164.1003876,116.7143173,73.75025287,99.76821171,297.8192513,278.8652752,1787.643125,189.8469849,71.35442352,3146.798499,22.02857208,2242.178223,600.5078735,8.66179371,2636.341136,69.72712378,3407.665527,135.927002,3811.551758,257.90271,223.4990997,3842.675781,145.0523071,47.44151688,16.37116814,41.04983521,33.5909462,195.4193115,2052.875488,340.3971558,148.7137756,100.0065002,3741.833177,112.4480057,30.40159984,816.0170288,28.71922302,893.2030029,136.6816442,113.5194462,32.19488089,43.68166543,45.2936058,26.48797024,29.56233788,4147.132324,199.8020172,57.49062729,4986.397949,1593.609863,2832.697754,182.2562256,202.4481354,2754.377441,177.0089569,40.28915024,45.97068405,33.02710342,134.9060059,678.223877,1064.65271,779.2583008,385.7536217,19.61174774,400.7099915,28.30880356,234.7842255,392.9121399,401.0784427,23.41001922,26.59322671,65.39842987,45.82981555,105.7836952,48.55776596,175.5787071,536.0573731,6070.73584,552.3015747,110.1037979,2706.862793,100.1081619,17.19594765,387.1233215,206.3817766,512.8331909,560.8032227,112.6741014,245.6707306,28.53666687,1474.484497,8.21358681,121.2065693,619.7566325,50.02914047,17.79965973,34.03960037,209.1485443,21.31405258,202.2008667,6529.37667,410.65448,19.47831345,66.54981232,77.98773193,4080.232422,5892.987305,13.94222355,371.0635376,2301.891846,3345.99182,333.23526,418.7395787,24.99266052,350.7443848,137.2199249,54.86775589,934.9093018,30.49430084,524.0974731,41.98605635,1857.645142,114.0006409,146.4387924,3890.007095,1311.676025,291.0040894,352.5519409,27.92610168,27.75485878,556.0655518,61.05639648,38.67741013,990.8016968,89.64290619,33.61574173,208.5317078,3188.147461,371.5060425,66.12120598,25.24091021,66.17375905,390.3721559,68.26289368,325.9138794,729.0132446,1541.664307,3765.397461,248.5896149,531.2345581,65.62462616,34.67246628,73.75180218,306.4341409,18.96888161,104.4460144,20.43570137,374.1831055,400.497404,26.80820465,121.2065693,159.3008728,27.75485878,66.17375905,593.2364502,181.3711853,416.9285278,298.6590271,36.27006531,31.8495903,148.3751068,192.2078335,495.2510376,6828.615723,37.82676315,216.4269257,553.4086914,42.29331589,68.08332062,728.1966189,138.65979,51.00078583,430.9156494,61.57552338,107.6545993
2007,86.50615911,31.27183914,55.24697002,92.86030579,222.3036652,2403.599121,185.3899144,1072.705322,572.0401001,172.6018677,694.536438,3799.737549,4478.768555,75.39520264,18.25146484,4078.146973,27.96020699,28.00374031,14.31881523,361.2349854,692.9683228,1415.036743,388.098999,281.0776367,226.2300415,64.47034454,602.6859131,1015.606689,702.6691895,66.06005859,311.0372315,19.75128746,4212.990723,729.2921008,6154.703125,648.5598145,97.07929993,66.86506653,47.34065247,12.41400909,43.09650421,305.9917908,67.18291473,133.4176483,427.0420227,429.0762897,571.2655029,1694.271851,1110.176636,4182.799316,50.44793701,285.2404175,5468.379395,198.0725403,150.9656372,88.28545299,115.6400228,321.922038,352.7679933,2058.684052,190.5166321,78.95716858,3569.047978,17.96751785,2606.178955,832.7330933,11.98231506,3008.473341,82.45095156,3911.96582,150.6446686,4312.310547,272.1109619,267.6078186,4450.128906,186.6177826,56.52696991,22.65229225,44.29708099,38.92570114,250.2749481,2426.759521,377.7578735,158.3339233,127.5428772,4062.518208,127.9885101,35.23331782,1041.034424,37.11300278,1003.258179,165.1340267,136.3421841,36.59407052,48.22366757,57.12649536,30.80931679,35.85623932,4858.64502,248.3849487,98.87436676,5926.807129,1799.732544,3092.558838,246.0103607,227.0579071,2772.697021,180.5011597,49.51648712,50.84462738,30.96165848,156.480072,692.0773926,1223.018433,882.0713501,461.3885821,25.21520042,445.7762451,41.98614502,275.479126,439.9048462,478.2102979,27.68063748,31.69233969,73.7281723,54.56870813,126.9901877,65.21094513,216.7000318,704.2931519,6671.265137,775.1915283,137.5432739,3039.256592,135.4436646,19.71443176,462.9902344,241.9452035,556.0402832,477.0515747,135.4283535,265.3627014,31.38578033,1596.123169,9.61486912,148.0531911,619.7566325,66.53733063,18.95361328,39.0368576,235.8505707,25.46150398,232.9589081,6889.649173,466.2352905,20.97223282,70.0737381,92.37856293,4696.138184,6895.560547,17.40269661,597.4285889,2699.412842,3634.88706,384.2087097,487.6012368,28.44916725,427.2287293,159.6578064,65.47948456,1003.277954,33.9405365,660.9246826,48.68212702,2112.528809,149.4503326,153.9225265,4223.684133,1290.986938,415.0679016,461.5053101,34.48757553,33.29763854,587.9784546,90.58113861,40.8911171,1121.342529,90.48252869,36.16654587,212.8181,3745.049316,547.2272339,73.34760686,25.24091021,73.39137763,453.3892473,71.04097748,321.1723633,1029.300415,1795.950439,4310.32666,263.8681946,469.3231506,75.41347504,34.87197113,88.28809171,389.7299295,23.45941162,126.849556,29.1230526,281.9347839,475.4791304,29.59138489,148.0531911,144.0092773,33.29763854,73.39137763,696.387085,205.0095825,512.8482666,295.2988586,36.90998459,36.30623245,185.9115601,232.5101903,571.9918823,7181.89209,46.67816925,251.1140137,658.0493774,49.50850296,73.1243515,797.737294,153.5153656,59.23065186,468.230072,48.94664383,107.6545993
2008,88.91128838,38.10266113,63.80588498,135.6058197,220.4642487,2818.804688,217.8924437,1303.140747,746.4932861,266.3115845,673.8375244,4090.761963,5057.760742,107.3614349,18.31873894,4670.422852,30.34991455,29.90420341,15.80424309,455.5405884,757.736145,1489.427246,482.9365234,351.7279663,249.9266663,79.01570129,707.4912109,1107.046021,788.6153565,58.85731506,330.3592224,19.52352142,4474.974609,927.1541944,7120.651855,724.7012329,131.8872833,78.34770203,52.65299225,16.34123802,65.03125,374.4269714,70.62155151,133.2350769,515.4333496,472.5547502,612.2435913,2155.246582,1449.336792,4669.65332,53.96245575,326.6416931,6137.776367,240.4110718,206.8851929,115.3999684,127.6782534,374.483098,438.3638254,2302.276996,228.485672,97.20935059,4030.837348,19.32589912,2995.049805,1038.562256,13.45180225,3418.303056,94.18961504,4481.216797,143.7378388,4807.374512,304.5819397,286.5473938,4301.116699,268.1403503,63.90114212,23.32743073,50.54489899,46.37084961,421.3156433,2840.508545,421.8442993,174.7788696,140.1471252,4349.286491,149.6478577,39.61775161,1258.872437,39.96041489,1117.202271,198.9077098,163.2153465,41.19156941,53.0280564,60.42224503,35.29459776,37.88212204,5638.779297,302.4498291,140.7553864,4851.421387,2144.821533,3504.111572,276.5376892,293.3645935,3213.695557,256.544281,54.57352448,63.82300568,49.21836472,200.8367004,856.4127197,1151.716064,1067.61731,529.9464495,27.20223045,477.757019,41.89510345,321.2136231,427.1851502,548.2131314,32.28429825,35.81020027,92.90744781,61.80682746,151.562262,68.66407776,273.822177,936.5093384,7578.749512,913.5214844,155.5387726,3573.772705,185.5611572,22.02349281,758.7109985,287.8550938,570.8305054,462.4761353,161.9896178,314.1453247,35.15919876,1751.165039,14.25486851,181.3626112,619.7566325,97.36168671,23.89216423,47.59680939,321.8163147,33.32744598,266.9122315,7112.954272,412.3946838,24.93084717,81.22611237,107.4519959,5382.472168,7768.050293,19.09256172,819.3568726,2839.178955,3888.97652,445.4979248,534.2879116,25.72966003,489.8159485,192.4782562,77.18696594,1000.245483,35.72151947,892.5968628,57.47123548,2391.981201,203.9134522,156.6953587,4516.607482,1283.849243,521.3156128,609.1602173,41.12966919,35.11483715,596.5264893,92.22037506,49.23475647,1295.249878,79.02152252,40.33549118,224.842514,4311.380859,671.8870239,78.33542733,25.24091021,78.37365819,496.9392145,78.14442444,347.2540894,1251.677246,2179.452393,4627.563965,277.9058533,425.8547363,86.41690063,37.86497879,115.4036027,490.2872472,28.30801582,151.5072632,42.08819199,255.4766541,546.0736819,42.76674271,181.3626112,202.7685394,35.11483715,78.37365819,784.5031738,233.339035,570.8589478,314.4863281,36.88764572,40.19852066,215.7867737,283.3283074,802.4571533,7401.369141,61.00310135,262.3676758,731.8700562,59.16986084,82.50093842,864.0186302,163.0090332,70.82818604,453.9638977,55.93905258,107.6545993
2009,92.88491922,41.72274399,57.64189371,119.9962845,186.4428101,2714.249756,235.0652257,1296.977661,785.6702271,252.8356018,591.4252319,3995.340088,4928.987793,129.7258606,21.8832016,4653.436523,30.76049805,31.71803284,17.92318726,459.3002014,785.2603149,1470.687744,425.0511475,290.7015381,241.7303619,90.77088165,721.7680054,1135.609863,741.2953491,61.12592697,342.9356384,22.9681778,4371.552734,842.0350386,7297.379883,735.9789429,162.6175537,75.07719421,49.35915375,13.57572556,50.24730682,379.6958618,66.25401306,135.4057159,534.5744629,459.8917946,679.6263428,2105.477783,1442.242798,4674.783203,55.32074356,344.1196594,6221.688965,256.3579102,208.1199188,137.2138458,129.6245398,419.5211657,378.5768043,2204.370186,241.1614075,106.6651917,3964.704434,22.39599228,2937.534424,963.0196533,15.63803864,3342.155132,95.35031525,4347.121582,128.657898,4737.578125,341.3183594,298.6123962,3841.878906,257.0617676,63.79364777,24.11286354,43.181633,41.68201065,308.5909729,2809.05957,396.1437683,168.1847839,151.0963898,4408.204275,161.0005493,40.30446469,1187.545288,40.94065857,943.6876831,203.9385317,166.5890223,40.56247881,48.4321249,63.60499191,36.63474004,38.30339432,5502.887695,371.420105,145.2253571,3652.208496,2039.003052,3337.750732,223.1118012,328.3468628,3686.154297,251.4995422,54.56043243,60.6509285,55.96894836,176.545578,842.4627075,1105.790527,1016.609375,524.5944245,36.2555275,515.3891602,44.32735443,355.186615,426.1854553,551.5657119,33.26771151,36.87434604,100.3218689,63.48338403,155.6080266,80.84660339,285.0938108,864.7363892,7670.59375,744.6616211,169.9503632,3523.403564,208.5300446,20.65012169,669.8102417,313.9743749,490.5658569,438.0761108,166.4851113,296.6654053,36.67557144,1677.362305,18.11137199,202.9123889,619.7566325,76.45706177,27.08139992,43.21328354,310.1556091,36.23827744,249.0953674,7332.927399,383.7663269,24.66652679,69.0075531,111.0123215,5282.73584,7301.959961,21.09090996,579.8527832,2700.977051,3929.470563,476.1199036,509.7059433,24.05052757,530.0705566,209.9601288,79.30064392,1037.087769,37.88201141,759.6057739,54.20996581,2346.541992,200.3764801,152.4511115,4590.574344,1270.248535,449.3769226,515.8544922,45.26019287,35.6080152,691.3226929,95.33586884,50.28383255,1328.52478,100.4435577,43.41863632,240.0522308,4181.435547,575.262146,78.0566984,25.24091021,78.08728051,476.4999844,76.83090973,394.9021912,1320.093018,2125.056885,4136.17334,292.2944031,362.6094055,90.49646759,35.82932663,137.2161295,423.2035006,29.72832108,152.4855652,39.5818634,194.2538147,548.1755498,49.46465683,202.9123889,126.3530808,35.6080152,78.08728051,810.796814,234.1063538,500.1930542,375.9710693,34.07072067,44.42363358,168.286438,292.3148231,816.2948608,7657.559082,71.64038086,270.0433044,886.7772217,64.43672943,83.70121002,874.4966446,179.21492,66.81106567,499.7177734,51.35781097,107.6545993
2010,107.7067004,44.99053192,61.4215399,96.69701385,192.0032196,2685.479736,245.3419934,1314.630005,985.0344238,297.2290649,701.8178101,4945.038086,4800.793457,145.8452606,26.41332245,4544.779785,31.06598282,33.94390106,20.80270004,484.7522888,796.3184204,1495.231323,417.7483215,343.6791077,242.3494263,101.7298813,896.6971436,1087.656494,803.5268555,74.09108734,398.5707092,18.69205093,5065.915039,855.0534711,7705.175781,867.7307739,186.4915009,74.04659271,48.35902023,12.89442444,56.96957016,448.0877686,65.7171936,151.160141,660.5864258,484.305002,612.4650879,2045.292358,1373.931763,4611.275879,56.2014122,359.221344,6011.538086,309.9571838,229.2894592,159.064709,147.9313621,477.6600016,412.2752279,2189.199426,283.415741,113.2481995,3849.462748,24.71432877,2789.533936,926.4541626,16.7058506,3265.351107,102.4706853,4249.602051,135.1687012,4592.383301,378.2447815,219.0719147,3904.50708,271.0166626,73.89850616,23.04636955,43.80532837,38.65888214,314.4091797,2564.369385,393.3341065,173.7517853,162.6649628,4547.27923,166.1611633,42.074227,1126.373657,54.9171524,983.1108398,234.8609452,190.4748856,44.07502798,54.36901241,87.14134216,38.77623456,45.12977219,5133.455078,445.6636353,150.45607,3589.555664,2234.949707,3217.682861,249.0825806,305.2936096,4060.490967,249.2689209,58.21165848,61.45378494,54.29156113,139.495224,828.4822388,1365.912842,1033.383789,623.6670518,34.99440384,577.359375,45.36038589,399.019165,430.2377625,649.7626237,34.53230252,37.81337325,108.2751846,73.58778176,178.6824552,97.68080139,325.1115282,805.2244873,7459.835449,689.0772095,169.009491,3509.566162,198.2889404,21.9508419,600.6443481,341.2275058,531.8894653,449.9428406,191.7666441,305.2322998,33.23125458,1733.668823,19.6023674,225.5398673,619.7566325,98.84479523,25.66654205,42.46692276,367.1207886,34.66256714,290.1766052,7608.807329,517.328186,23.88655853,76.75747681,115.9510269,5191.728027,7859.516113,29.98280716,628.5897217,3216.223633,4058.118841,529.0809326,522.9916018,25.25600243,572.6137085,241.9286957,91.60559845,1183.166748,41.08378601,809.1994019,56.1793477,2259.303711,237.3345795,170.1078493,4742.600061,1206.003052,472.2075195,566.0908814,49.31543732,41.42784203,702.6710815,93.45315552,51.21483612,1496.776001,134.5846558,43.97432327,245.7085877,3983.750977,545.3338013,88.51586966,25.24091021,88.56085801,492.6259873,74.93682098,415.2991028,1296.542847,2017.146606,4416.145508,358.1239014,513.2280273,92.73750305,36.32339096,159.0671297,456.5235355,32.09547043,172.0929718,42.9864502,221.7984467,649.7540235,52.1896553,225.5398673,177.9689484,41.42784203,88.56085801,861.5105591,243.7140198,539.3271484,500.0559692,37.53247833,51.82595825,202.3408661,338.0410028,1030.621704,7888.352051,85.44557953,286.3549805,945.9151001,78.63555908,100.1354828,911.889144,192.7679138,68.86593628,635.0941162,55.3928299,99.34855652
2011,118.2692096,50.85347366,68.6783828,122.1072311,211.0755158,2634.032715,281.9464999,1438.472168,1208.391602,330.5755615,693.807251,5861.702637,5167.817871,176.4084778,25.13240814,4943.796875,34.99642563,34.91963577,22.84561729,555.8641968,805.3147583,1491.041626,467.0319214,319.7537231,252.8253937,121.3785858,1031.576172,1135.5177,877.1575928,79.5575943,440.0437012,21.3735981,5400.11377,906.6744133,9191.958984,991.2028809,236.3749237,74.29046631,56.44068146,12.62923431,62.42331314,497.3807068,76.77274323,161.0337372,749.6449585,505.7094494,699.8342896,2114.668945,1516.55542,5037.370117,68.77837372,376.9500732,6281.004395,335.0012817,287.3861084,198.8521025,162.5369115,586.596119,468.4624005,2371.4403,336.8609314,125.2548676,4113.736057,33.53648758,2909.117676,1015.968262,15.11117077,3520.946708,103.1586487,4715.935059,149.0231628,4931.87793,393.6810303,276.480011,4156.577148,296.6886902,98.95211029,24.67529106,41.94842529,46.01939011,336.2060242,2338.915039,423.1154175,189.2429047,184.6599579,4886.2014,183.6016846,47.9986066,1132.498901,75.70629883,1063.432251,270.925219,218.723255,48.68338064,58.99227554,108.9061585,43.36428812,48.60390472,5558.296875,530.7138062,168.7490234,3860.030029,2437.046143,3392.012695,267.7389832,313.9347839,5087.356445,303.9808655,56.46788025,79.82953644,66.20181274,148.8027039,872.8114624,1512.532715,1134.392944,709.5213075,27.4563961,627.6422119,54.93714142,309.8786621,461.7883301,724.9863935,39.45312253,41.37805814,118.9739685,83.6451549,207.7526419,125.7211609,385.1950746,925.4716187,7174.739258,764.5917358,177.2804108,3677.650635,214.9824677,23.57985878,577.6629639,390.1220429,563.1089478,454.5555725,223.4444415,329.9504395,33.62852859,1960.061157,26.56099129,255.5886536,578.4375,134.7506256,29.74784279,46.50239563,396.6121521,40.08781815,349.5854492,7814.164536,562.7150879,24.9305191,84.46363068,123.3549881,5562.096191,8900.37207,34.68226624,673.3822022,3625.772461,4353.728833,533.0320435,567.8809168,27.06708336,616.9995117,264.8850403,98.64657593,1176.575806,55.21439743,866.0946655,63.03691572,2255.969238,310.1144104,175.8147886,5102.371311,1318.521973,426.5997315,682.6605835,53.07389832,44.72550564,881.395752,134.8076477,57.59818649,1676.001831,116.645958,59.54337692,265.9998169,4237.541016,618.8942261,97.70876437,25.24091021,97.75237974,531.2490746,85.38583374,390.1407776,1352.438354,2147.805176,6351.216797,380.8573608,532.0811768,80.71446228,38.54948807,198.8545449,507.3297041,36.0716095,195.9727325,49.65073395,276.6504211,724.7985848,64.26586914,255.5886536,169.755249,44.72550564,97.75237974,911.3829956,274.3075256,531.4185791,567.4742432,38.04220581,55.00610352,243.7808228,397.8155351,1229.377808,8080.214844,100.3128662,278.7896423,786.3463135,89.58512878,114.2026596,986.3536976,220.3828125,65.56300354,699.9675293,57.88014603,88.38669586
2012,113.1836365,51.44026184,71.03994663,122.185585,213.7197418,2370.057129,303.7602702,1403.524902,1368.422974,336.3205566,727.256958,6025.344727,4966.095703,222.9855194,21.51785278,4706.470215,39.10080719,34.88827133,23.45907974,558.6479492,971.3684692,1568.287964,452.9765015,365.874939,246.0603638,137.1217804,957.0070801,1263.918701,883.6755981,85.97568512,433.0039978,22.29368019,5500.684082,850.648139,8917.119141,1077.82019,281.6771545,76.08685303,55.17245483,14.01603508,74.9154129,543.0700073,72.61225128,176.9837341,784.4829712,518.2781792,604.2123413,1899.372559,1387.406006,4765.583008,72.22033691,396.8137817,6003.830566,359.6081848,335.5619507,232.4159324,169.4714102,625.633772,505.2407796,2275.896302,384.2339478,150.7184143,3837.084877,26.23007774,2591.016113,1013.314209,20.66479492,3295.586891,106.8809585,4572.523438,162.4148254,4644.595703,384.1512146,237.5818787,4222.084961,326.4760742,86.2456131,24.29986,38.35943222,38.86497116,274.3368835,1948.248535,433.5095215,198.4665527,199.4534454,4900.730957,185.6259155,47.28190122,1029.971191,73.7585144,961.1383667,288.3366703,231.9261852,50.59226539,64.10564016,107.6636353,43.60794333,48.94621658,5222.044922,525.5848999,183.9160919,3705.946045,2402.915771,3086.303223,254.507782,305.7170715,5212.183594,377.1272888,63.82013702,99.98524475,69.04489136,154.0032349,829.8215942,1565.656006,1212.570435,704.968242,32.84053421,556.7399902,56.66407394,264.8872541,454.574707,727.1296986,40.09159416,40.11947316,113.4489822,87.33996963,220.9332524,117.2889404,413.407374,896.9370728,6029.475098,745.5174561,169.9576721,3520.154541,223.6189575,19.80637932,630.1425171,412.0812591,580.2183838,471.6871338,238.2595422,310.7749939,29.215271,1898.60144,36.11348343,264.8336142,541.6729736,167.7624207,34.50271606,48.08863068,398.1218872,33.20030212,379.3654785,8059.572317,550.6506348,22.76792526,92.61081696,131.8300629,5284.686523,8970.120117,34.3300705,884.7608032,3805.97168,4363.575292,559.0185547,570.8412434,27.04106331,703.8284302,309.8473816,112.5436096,1392.048584,74.42443085,815.1418457,64.71112275,1980.018677,338.6645508,182.5058556,5123.880336,1487.32019,401.671051,757.0445557,58.79287338,44.97081417,1014.699646,102.5439377,56.22806931,1828.897583,107.0663071,59.97774506,258.4768982,3974.922119,559.9053955,95.69237765,25.24091021,95.74765078,536.5844696,86.81771088,422.1010742,1319.438354,1974.854004,6254.442383,354.0736389,655.8516235,69.83010864,37.40947342,232.4192837,532.2298236,37.0880394,206.4648285,57.97858429,318.8036194,728.7064958,71.61464691,264.8336142,226.4968567,44.97081417,95.74765078,934.3426514,274.3434143,524.2503052,532.0466309,42.28380585,54.68679047,275.2192688,428.2900015,1329.657959,8342.580078,117.8411865,299.6088562,837.4285889,108.9399719,117.9651566,995.7017411,205.0755768,75.14369965,658.1229858,69.29530334,90.28308105
2013,111.2276947,55.03462982,78.74686309,143.6068726,236.957962,2432.782715,338.8705026,1523.883789,1421.657593,396.232544,711.2297974,5813.985352,5235.341309,239.9508057,21.93877029,4947.769531,35.76725006,43.80942535,26.67387962,547.454834,1066.132446,1609.317993,484.2270203,456.4916687,257.9893189,162.1219788,981.152832,1233.114868,849.3306274,88.24406433,449.7056885,18.83095169,5443.625,914.3540886,9275.798828,1179.472656,326.0415955,72.76117706,55.47434235,16.33388329,75.50088501,576.7012329,76.68770599,191.2829895,825.3932495,535.7755409,713.241333,1916.322632,1554.509033,5099.641113,67.53491211,375.1051025,6236.554199,359.5705566,331.9416809,263.6564856,174.4738532,602.7195144,536.197571,2383.533392,411.9067383,150.6195984,4019.053825,29.8780117,2629.605469,1144.646851,19.88365173,3462.735098,107.5646149,4892.097168,167.8108673,4893.476074,363.263031,275.0975342,4344.668457,334.6890564,108.4303589,26.61382103,27.41661644,47.39303589,382.4620667,1813.87793,438.2797241,196.1355896,208.7132416,4936.271242,178.2416534,51.25987391,889.944519,58.3646965,990.6311646,308.0682319,248.0728937,54.85063315,70.37489466,103.9830856,46.64366366,56.11839676,5328.579102,418.8852844,199.5162201,4029.233154,2678.361816,3149.242676,247.2129669,289.8249817,4336.106934,370.0940247,66.80593872,104.7845841,71.99204254,162.524765,877.5029907,1700.952881,1228.76709,734.2049673,43.96371841,560.3695068,59.36724091,264.8872541,482.4346314,751.349873,43.93768804,43.00883663,137.6435242,90.16504764,237.2341168,115.7851791,453.4379047,958.9271851,6356.644531,807.1300049,180.2019806,3818.140137,231.6622925,20.23029709,645.0605469,430.6179942,623.0515747,491.7562256,255.4076488,350.2098999,31.93977737,2121.082275,36.53030014,254.3373115,603.7141113,177.5317078,40.67847824,54.26546097,452.455658,40.3452301,390.8279419,8214.550605,488.7659302,24.63416481,102.5545425,138.3856812,5532.687012,9241.265625,36.02222443,856.9418335,3954.666992,4392.515119,584.1394043,620.2934772,29.97559357,790.7766724,323.1655273,122.7274628,1535.45105,81.8216095,878.088501,71.55132905,2030.630127,360.0349731,189.2474005,5156.307131,1765.828369,495.2362366,807.0765381,48.98834229,51.35324914,1109.505737,127.1628647,60.20170975,2078.594482,107.6438904,82.92144012,270.8797607,3984.168701,627.53302,97.73754085,25.24091021,97.79069966,577.5267762,125.176033,451.7543335,1370.467651,2055.381348,6696.87207,315.4493713,641.2227173,71.10690894,39.96808624,263.6595292,566.9317965,41.44555283,212.9985504,68.94046021,376.2167969,751.3127916,103.2798233,254.3373115,183.2253418,51.35324914,97.79069966,1013.182312,289.5417786,551.4012451,628.6420288,43.77843857,52.37650299,280.9766846,464.8674753,1497.068848,8522.125977,130.4245758,303.3605957,697.5252686,119.5219269,129.7849121,1011.826532,257.4090881,79.7281189,604.7698975,88.12820435,101.6749344
2014,104.5412569,59.00893402,81.8045045,131.6476593,251.3582611,2529.089844,365.3972641,1588.282349,1286.217651,405.7288818,792.8414917,5607.917969,5393.602051,267.3097229,20.10721016,5072.950684,34.44753647,39.6444664,29.74625206,605.2589111,1101.256836,1670.240356,504.7872315,450.2226257,292.1433106,181.7120514,1017.047119,1153.884155,798.7937012,88.89917755,435.5536804,20.86845589,5189.014648,930.5623742,9578.645508,1145.408569,359.3093262,80.52973175,60.95220566,19.36799622,74.61357117,583.0588989,79.20176697,191.176239,831.3001709,547.4070907,866.0756226,1873.891357,1512.926147,5307.082031,73.12316895,385.1565857,6380.784668,380.0755005,359.6421204,286.5522444,173.9916815,611.2422319,498.4051369,2432.068654,428.7937927,167.2470856,4107.087335,31.9061451,2679.629395,1238.927002,22.27192688,3536.918315,106.2605384,4922.675781,188.8343201,4982.991211,348.3200989,244.757019,4740.110352,345.2559815,80.82213593,37.69287872,27.0407753,66.8697052,425.2958069,1705.114502,399.5325317,213.942749,213.4478455,5079.995002,174.5997925,51.60989532,909.3716431,64.02371216,1006.156494,314.6154444,253.0661419,57.41485452,74.67903304,103.5038681,48.28689431,57.07431793,5329.980469,387.3760986,190.6933136,4474.549316,2819.571777,3154.275879,249.7215576,297.8348999,4099.280273,380.6600952,71.83386993,94.01564789,73.28150177,162.9607697,891.9312744,1899.138916,1285.00769,739.8233457,45.96818924,577.8790283,65.25737,264.8872541,468.1247864,756.0855292,45.92807085,44.18303518,137.6710053,89.98916199,242.4832596,113.3366242,474.8899714,1021.232971,6547.034668,856.7665405,169.9295349,3947.679199,230.7698212,23.50832939,672.1196289,451.9355539,606.9298096,475.4370728,261.3630715,343.8786621,38.01742554,2456.434814,52.62075806,253.2966312,585.7900391,173.6838226,42.67788315,58.04791641,559.4445801,36.05779648,425.9501038,8563.774703,459.9602966,25.06328392,107.9087524,154.2833862,5601.902344,9118.317383,43.16950226,793.5437622,4143.788086,4507.032537,710.041626,659.3478985,34.69661713,885.6642456,334.6873169,109.599823,1678.012085,95.54537964,911.2981567,72.8809538,2059.926514,405.4724426,197.3490592,5307.741309,2031.838135,503.3475342,737.649231,51.92441177,53.05863414,1278.976563,116.9351425,61.39787674,2206.107422,115.3221664,140.9924011,275.6874085,3825.480713,608.8585815,95.08027684,25.24091021,95.1363907,609.7860816,120.006073,458.5661011,1289.348389,2062.384766,6605.911621,293.0811462,675.4989624,71.10690894,43.7831459,286.5548447,537.5485727,43.89037704,219.2957306,74.59780884,437.7458191,753.2589586,93.70611572,253.2966312,226.1274567,53.05863414,95.1363907,1054.445801,293.097168,525.8447266,567.9641113,40.15263367,50.24546432,212.7696991,480.0549448,1476.200806,8939.396484,117.6513062,291.0646973,698.9158325,117.4146042,106.726944,1034.949121,259.162323,81.05194855,549.696167,67.49678802,116.7105408
2015,99.0085058,58.90652847,73.29777486,108.5829392,192.8851318,2246.254395,349.1187291,1385.53772,1531.484253,364.9728088,754.2418823,4862.601563,4612.824219,226.510025,19.64325523,4291.489746,31.30697823,33.52824402,32.84908676,521.4190674,1128.759155,1635.882935,442.0378418,362.7528381,283.5724487,198.8755798,785.2648315,1119.548218,743.920044,98.56243896,389.3807373,19.00076675,4637.211426,812.0443946,9382.791016,1127.021606,390.1040955,63.51419067,49.76532364,19.73957443,60.15248871,464.6349793,57.17092514,146.6751709,883.9154663,571.388193,986.7340088,1581.413574,1284.046753,4624.556641,82.28987885,391.9345398,5469.334961,400.3849487,291.5535278,306.0571616,171.8153229,598.2931855,375.8435148,2102.998477,458.814209,183.4326172,3523.0437,26.82021332,2349.054443,1112.914063,23.91623878,3037.900209,98.30867775,4127.149902,179.2209778,4201.555664,361.4720764,196.2439728,4477.285645,275.8408203,80.59490204,44.68756485,20.98540878,53.94601822,328.9506226,1452.052002,422.7217712,229.8061981,224.3363495,4915.554949,172.2920532,51.06873124,795.520813,67.40187836,870.5194092,299.4026775,240.6601225,56.41734495,70.65134175,97.4282608,48.89160455,58.91690063,4561.38916,377.8374939,156.8372192,4280.490723,2670.466797,2675.671631,276.0567322,310.6847229,3733.376465,319.0499268,69.77667999,80.11972809,72.03400421,123.3463974,958.0848999,1919.037354,1259.18457,654.8165278,52.50928497,566.7996826,73.450737,264.8872541,462.4011536,676.7012568,46.44314224,45.03188507,149.9631805,88.00636043,231.3776369,104.1573792,446.1541197,920.1997681,5421.932129,775.8643189,147.8561859,3366.150146,186.4364319,23.23208427,785.0316162,428.0935166,550.3400269,545.7212524,249.4311478,306.9151001,30.89645576,2243.467041,61.70107269,239.661564,583.2915039,166.0827637,39.61871719,55.98908615,529.161377,35.68380356,380.110321,8915.797626,488.7356567,25.8883419,97.80262756,163.2299347,4676.562012,7565.549805,47.8875351,1033.647095,3582.272949,4348.939775,695.1911621,613.0613162,35.98087311,928.0967407,312.7217102,116.9888153,1805.98584,48.73184967,803.9596558,67.28467573,1790.534058,362.2713928,188.1759217,5148.14129,1891.78418,442.240387,498.0559692,49.98083878,55.10007501,1237.333496,158.8953095,53.43446732,2302.599609,100.5403976,120.9123917,282.7453308,3061.563232,491.25177,88.31890735,25.24091021,88.37445386,579.291462,85.22420502,532.4972534,1108.878174,1775.86084,5598.681641,259.5190735,665.638794,71.10690894,35.10715103,306.0608953,418.7813654,38.17872238,214.2065735,64.16710663,405.1260986,670.1096045,102.2269592,239.661564,187.3837738,55.10007501,88.37445386,1107.185547,255.6997376,453.1164856,531.2664795,33.58757019,39.37041855,157.5774841,456.855643,1406.522339,9392.066406,131.8330231,282.7134094,663.1726074,117.8628922,116.4973297,993.9833996,223.1809692,73.17674255,503.7594605,59.33764267,107.6869995
2016,94.73915928,60.18867111,63.64906865,95.12497711,202.0133209,2361.217529,351.3018102,1322.004272,1153.534058,357.4577637,778.4511108,4993.689453,4709.875977,156.9957275,21.78308105,4534.22998,29.78626442,40.98265457,34.56891251,562.3408203,1098.883545,1774.021729,461.9793396,298.6265869,296.0452271,210.2380981,798.6270752,1129.193359,692.0357056,98.90504456,402.8016357,21.89539337,4629.375,844.810437,9439.424805,1171.623047,395.3599548,67.48299408,50.88278198,20.57792664,56.93314743,442.1382446,59.23079681,151.7473602,878.888916,569.8006364,984.8484497,1634.935547,1321.620239,4744.229492,76.8683548,414.04245,5565.593262,424.3001709,260.761261,311.204355,165.4642654,631.599028,361.1555659,2099.281435,441.170929,153.4869537,3598.377691,22.65307236,2376.721191,1186.102783,25.07559586,3107.061733,88.80308428,4107.062988,185.346756,4257.149902,395.7920837,217.0552063,4067.175781,301.5457764,66.85624695,39.52141953,25.43909264,58.17870712,290.8769226,1488.19812,427.3516846,241.7825317,233.5249481,5080.617331,180.1677551,51.02111733,840.9050293,59.13440323,914.1935425,295.4642587,237.3887841,54.42540035,65.88938763,107.6494904,48.19485993,60.60255051,4709.168457,458.2581787,159.7389526,5068.100098,2818.505371,2699.73291,276.1369019,298.8091736,4174.422363,263.4837341,72.51428223,71.92367554,77.65436554,147.7773132,1059.45752,2033.851196,1308.106201,614.4436022,54.87627792,603.6184692,69.98904419,264.8872541,509.0156555,634.9515454,45.46576758,43.5593071,151.4750214,89.88846255,228.4358825,89.53188324,449.2343795,988.5279541,5475.139648,874.7977295,154.1124115,2765.32959,171.1847687,25.02086639,946.8111572,455.4429234,485.624176,604.848999,245.7574964,327.4913635,29.46280289,2321.15332,57.93581772,262.1822083,601.9786987,161.9085999,30.76436615,47.58857727,553.2136231,34.72793579,361.8544617,9257.696039,423.8866272,22.57229996,79.37476349,169.6340332,4753.674316,7496.768555,48.31941986,1045.155273,3746.476807,4484.775849,636.8901367,622.2425812,39.42575455,1050.243652,313.5171814,121.5583191,2031.472778,58.48953247,813.4727783,63.10217142,1875.242188,355.4480896,193.0113053,5329.483355,1856.355713,476.2450562,464.8977661,51.84296036,56.99021631,1160.051636,165.8524628,54.10780716,2476.174561,100.4202194,87.09645844,293.2580261,2950.001953,486.4294434,81.81536165,25.24091021,81.88091184,586.392398,109.9806061,351.9419251,1175.597046,1835.407349,5680.725586,233.6351471,772.4489136,71.10690894,35.39419937,311.2081291,408.5047288,42.98860931,224.9945221,56.20223236,423.0598755,627.5429448,93.38000488,262.1822083,209.992691,56.99021631,81.88091184,1110.366089,244.4290619,466.7947998,547.8984375,37.1879921,38.24341202,157.5377045,447.4203873,1450.144897,9775,129.1727753,294.645813,505.027771,124.0594101,82.24130249,1015.910254,227.1250916,55.66794634,465.0881043,57.36268997,112.411404
2017,102.4106608,65.70602417,60.96884621,114.3346024,226.2806702,2567.423828,373.501827,1650.018555,1529.670044,405.6506958,750.0192261,5340.364746,4938.919922,155.0982666,23.15567589,4775.8125,29.76860428,44.51367188,37.40678406,624.5250244,1126.066895,2162.423584,482.1771545,333.5410767,282.5537415,217.4946899,940.369751,1151.693726,648.6688232,104.8551025,484.2239075,30.05440521,4865.070801,933.8336677,9606.349609,1360.173584,437.2567444,69.77150726,49.76703644,19.41378212,54.75907516,489.6445923,69.73937988,173.7935486,861.3200684,611.0089162,1000.289551,1750.507324,1475.915283,5055.821289,72.23477173,398.6354065,5800.152832,443.6706848,258.0639648,342.0002194,174.0456678,664.7549069,403.6723197,2193.933975,461.57547,113.9753799,3782.212655,20.79556274,2526.720459,1350.380615,24.92481232,3275.651507,92.59567832,4233.468262,194.4366608,4402.07959,402.1820068,201.0585327,3966.05835,285.9877014,68.02945709,33.49687195,28.17404747,56.28972626,286.146759,1505.945923,472.7640381,259.9125061,264.5422669,5263.617347,171.5148926,52.8456212,902.6252441,62.79301834,985.7990112,325.8664027,259.3861894,54.25180047,62.22514886,111.4498673,49.96723941,57.55659103,5010.256348,481.5763855,214.3563385,6144.546387,3118.433594,2809.721436,311.7326355,337.7554016,4121.036621,281.6177673,65.11084747,76.98123169,79.27455139,175.0655212,1072.096558,2257.517578,1384.578247,706.1056355,61.99768066,606.8374023,64.49087524,264.8872541,514.5582275,726.2016622,47.87156101,45.15637392,148.78862,89.15422806,249.2977614,110.8682709,505.6206984,1083.303345,5713.118652,932.5015869,161.3648377,2751.866943,243.9454041,24.96243286,885.0842896,484.2107419,506.892334,587.0836792,269.1583012,358.3068848,30.49655342,2551.716064,57.859272,263.6764097,616.2849121,146.9620819,35.80190659,52.66540146,609.1685181,38.38741684,380.0152283,9573.807895,468.0405579,28.87143326,73.88726044,180.0031128,4934.575195,7815.786621,50.3108139,1215.30481,3940.390381,4634.427304,600.7910767,656.1729631,42.25715637,1046.336792,334.8233337,123.6938324,1947.853271,60.09675598,909.578186,65.44765204,1998.064697,375.3178101,198.6872587,5514.985369,1760.478882,555.1130981,579.6721802,49.34806442,55.38105682,1302.768555,192.6066589,54.4282608,2625.00415,98.58231354,46.68696976,282.0367432,3278.898438,515.8458862,85.38805402,26.38130379,85.45214223,620.1336123,117.0106812,335.10849,1189.072266,1925.03479,5837.770508,273.3828735,777.8544922,71.10690894,30.59851456,342.0047197,456.9205276,53.94796753,253.4068298,58.16766357,456.8391419,720.094824,86.74797058,263.6764097,230.6309662,55.38105682,85.45214223,1131.281738,237.3644562,442.6176148,633.361084,39.79175949,30.68274689,187.3952179,503.5863386,1648.874634,10103.0918,93.00417328,311.9353027,524.5036621,140.165329,85.16284943,1056.6481,235.4183807,55.66794634,534.3883667,67.19523621,115.6462012
2018,96.2894798,69.99860382,59.32880988,87.31073761,274.914093,2821.80127,378.8992468,1817.347656,1127.928467,422.2826843,808.6992798,5364.542969,5322.262695,168.3916473,22.40539742,5134.414551,31.07242012,40.26911545,41.90407562,689.9053955,994.1790161,2002.412964,539.9100342,351.0068054,285.9703369,235.700882,866.1553955,1164.544556,763.1456909,102.7385178,494.1954651,53.6903801,5018.711426,1053.877668,9870.664063,1455.116699,501.0593872,72.17318726,53.17176819,18.52062225,49.46409988,513.1586914,69.41635895,190.4555969,909.6730957,624.788943,986.9373169,1981.778442,1765.588623,5481.987305,71.08630371,479.0935364,6216.768555,461.5351563,256.0094605,387.9860129,171.583371,719.9160294,410.9947074,2346.743686,495.1695862,125.545372,4071.212064,23.97976303,2740.269287,1552.632446,24.29408836,3531.316947,85.99474345,4515.677246,216.0964203,4657.75293,417.6897278,218.4752808,4270.221191,312.7469177,76.83074188,35.70616531,35.81452942,61.23582077,310.5848694,1572.684204,479.8117676,259.6201782,301.4482727,5532.184141,180.889801,47.26697412,1014.222351,63.13831329,1074.017578,343.2674424,271.1004983,51.53501151,60.8981204,111.6594696,46.50505601,60.26567459,5484.221191,484.2865906,239.4129791,6565.879395,3329.23291,3000.710938,319.8771668,335.2105713,4256.095703,275.8546143,73.54042816,65.73706055,92.90358734,202.2019043,1004.723022,2543.596436,1733.809082,656.8304354,57.70953369,695.0587769,61.22189713,264.8872541,501.5275574,682.4133956,43.07756096,36.01658202,162.1083984,92.53779504,260.2940514,124.6897278,550.7823784,1249.031006,6227.083984,1101.492554,174.7818451,2968.849121,276.4714356,22.33701324,786.4376831,508.9157102,521.0083008,646.1723023,282.4951697,399.0970764,33.39861298,2753.510986,59.20605469,273.3836498,731.4810791,159.3799133,40.72650528,57.29694748,656.6224976,37.43349457,426.4685974,9955.470149,464.4840698,30.2661438,66.5456543,173.4938355,5336.984375,8271.858398,51.13627625,967.1387329,4037.462891,4857.985916,677.9642334,683.2260565,42.87313461,1131.660156,365.8638306,128.582489,1726.661255,63.48856354,978.7356567,59.27918164,2216.306641,390.0476379,208.3504621,5797.448428,1730.181885,687.1541138,609.0091553,52.29534531,58.09666753,1341.519775,59.51420593,61.79673004,2667.674805,96.3806076,44.26722717,288.5174561,3388.47876,617.0865479,81.0918323,26.70323944,81.16091897,643.8908951,115.0187225,475.0387878,1299.911377,2169.579102,6005.065918,298.118927,840.2806397,71.10690894,29.69879913,387.9890061,475.3147878,54.8932724,278.6308289,59.84311676,460.3240662,675.8502686,93.64685822,273.3836498,234.9931793,58.09666753,81.16091897,1143.170532,236.7328339,389.8655701,766.2628784,42.03595352,32.0545311,222.4753571,531.7150714,1686.071289,10515.32324,82.26926422,332.0836792,464.044342,163.1509552,104.5860977,1103.476775,227.3130646,55.66794634,564.5032959,76.31442261,141.3693078
2019,91.97011307,65.80603027,61.33847611,71.32600403,185.223116,2744.194336,381.5759811,1842.694458,945.9919434,523.9990845,760.2649536,5427.462402,5242.183105,193.1088409,20.56754112,4960.393555,29.12529182,42.3445282,45.85716248,697.8963623,940.3956909,2004.616333,553.822937,399.3970947,293.4125977,245.9234772,853.3879395,1143.322021,671.5626831,115.9807587,481.5330505,37.19958115,5048.372559,1094.7497,9666.337891,1375.802979,535.1333618,75.08779144,53.99584961,20.57073212,48.55877304,495.3297119,72.32379913,177.8902741,921.5857544,646.7514988,1031.921753,1996.458252,1844.217773,5440.251465,61.80943298,440.1698608,6003.325195,491.0593567,248.2058716,414.1373912,172.0925921,751.2669286,436.6454522,2334.236653,486.492157,149.8403168,4001.03178,25.2679348,2711.192871,1598.818848,26.74220467,3476.430552,82.79680962,4450.302734,235.6750183,4491.735352,415.1982727,215.0191498,4312.88916,291.1220398,75.28166199,43.03782272,29.72580338,62.57557678,254.891098,1500.594971,534.2744141,271.0212708,325.8851624,5638.684162,187.5543366,46.31556057,1040.085693,56.99440002,1062.394165,354.683106,279.0071038,52.21726909,62.32507872,120.1249619,46.78885112,63.74832153,5428.588867,470.4346008,253.3146362,6274.959473,3456.386963,2905.5,327.4035339,334.04422,4360.473633,272.9652405,83.41162872,62.14477539,113.3104401,172.3057404,1087.801025,2624.533203,1758.674194,642.5210799,68.22131348,663.0510864,52.56287003,264.8872541,502.1817017,662.0363056,42.8238047,34.89863818,160.6969605,96.55700912,268.8886122,124.193634,575.7020297,1369.979492,6220.741211,1166.797852,174.2237701,2905.84375,284.3071289,19.84997559,854.3706055,512.7647635,540.3723145,664.3184815,292.4724826,436.8871765,34.28177643,2531.910889,60.01587296,276.5582692,735.1588745,163.441864,39.46094131,57.88484573,685.9456177,30.40028763,436.61203,10317.57002,427.2562256,31.39763641,71.46572876,160.7587891,5335.30127,8007.397949,53.24640274,1049.447021,4211.046387,4947.709161,624.7444458,674.9100849,39.49928665,1192.820801,370.1099548,142.0787659,2355.695801,65.08071899,1014.038208,59.75426245,2221.439209,388.3932495,227.3346363,5919.377857,1807.153931,738.5581665,653.4172363,51.39912415,60.57945225,1316.260254,46.92884064,59.09758377,2632.713867,111.9044876,46.15795517,300.0532837,3050.918213,641.0250244,79.36023634,22.63818741,79.42824762,642.8234857,108.4464035,619.2471314,1342.074829,2219.100586,5671.385742,264.0551453,839.7733154,71.10690894,29.85083008,414.1406821,502.9021191,51.1550293,296.1651001,61.87225342,500.0064392,654.3407752,92.67004395,276.5582692,242.3727722,60.57945225,79.42824762,1167.933105,233.0593109,396.4668274,972.6124268,40.34330368,32.40844345,248.1334839,551.8703722,1660.952881,10921.0127,98.57316589,354.8086548,338.8253784,180.7181854,104.2496109,1121.969797,271.9157715,55.66794634,546.6884155,69.32437897,103.0282722
