year,Aruba,Africa Eastern and Southern,Afghanistan,Africa Western and Central,Angola,Albania,Arab World,United Arab Emirates,Argentina,Armenia,Antigua and Barbuda,Australia,Austria,Azerbaijan,Burundi,Belgium,Benin,Burkina Faso,Bangladesh,Bulgaria,Bahrain,Bahamas,Bosnia and Herzegovina,Belarus,Belize,Bermuda,Bolivia,Brazil,Barbados,Brunei,Bhutan,Botswana,Central African Republic,Canada,Central Europe and the Baltics,Switzerland,Channel Islands,Chile,China,Ivory Coast,Cameroon,DR Congo,Republic of the Congo,Colombia,Comoros,Cape Verde,Costa Rica,Caribbean small states,Cuba,Curacao,Cayman Islands,Cyprus,Czech Republic,Germany,Djibouti,Dominica,Denmark,Dominican Republic,Algeria,East Asia & Pacific (excluding high income),Early-demographic dividend,East Asia & Pacific,Europe & Central Asia (excluding high income),Europe & Central Asia,Ecuador,Egypt,Euro area,Eritrea,Spain,Estonia,Ethiopia,European Union,Fragile and conflict affected situations,Finland,Fiji,France,Faroe Islands,Micronesia,Gabon,United Kingdom,Georgia,Ghana,Guinea,Gambia,Guinea-Bissau,Equatorial Guinea,Greece,Grenada,Greenland,Guatemala,Guam,Guyana,High income,"Hong Kong SAR, China",Honduras,Heavily indebted poor countries (HIPC),Croatia,Haiti,Hungary,IBRD only,IDA & IBRD total,IDA total,IDA blend,Indonesia,IDA only,Isle of Man,India,Ireland,Iran,Iraq,Iceland,Israel,Italy,Jamaica,Jordan,Japan,Kazakhstan,Kenya,Kyrgyzstan,Cambodia,Kiribati,Saint Kitts and Nevis,South Korea,Kuwait,Latin America & Caribbean (excluding high income),Laos,Lebanon,Liberia,Libya,Saint Lucia,Latin America & Caribbean,Least developed countries: UN classification,Low income,Liechtenstein,Sri Lanka,Lower middle income,Low & middle income,Lesotho,Late-demographic dividend,Lithuania,Luxembourg,Latvia,"Macao SAR, China",St. Martin (French part),Morocco,Moldova,Madagascar,Maldives,Middle East & North Africa,Mexico,Marshall Islands,Middle income,North Macedonia,Mali,Malta,Myanmar,Middle East & North Africa (excluding high income),Montenegro,Mongolia,Mozambique,Mauritania,Mauritius,Malawi,Malaysia,North America,Namibia,New Caledonia,Niger,Nigeria,Nicaragua,Netherlands,Norway,Nepal,New Zealand,OECD members,Oman,Other small states,Pakistan,Panama,Peru,Philippines,Palau,Papua New Guinea,Poland,Pre-demographic dividend,Puerto Rico,"Korea, Dem. People's Rep.",Portugal,Paraguay,West Bank and Gaza,Pacific island small states,Post-demographic dividend,French Polynesia,Qatar,Romania,Russia,Rwanda,South Asia,Saudi Arabia,Sudan,Senegal,Singapore,Solomon Islands,Sierra Leone,El Salvador,Somalia,Serbia,Sub-Saharan Africa (excluding high income),South Sudan,Sub-Saharan Africa,Small states,Sao Tome and Principe,Suriname,Slovak Republic,Slovenia,Sweden,Eswatini,Sint Maarten (Dutch part),Seychelles,Syria,Chad,East Asia & Pacific (IDA & IBRD countries),Europe & Central Asia (IDA & IBRD countries),Togo,Thailand,Tajikistan,Turkmenistan,Latin America & the Caribbean (IDA & IBRD countries),Timor-Leste,Middle East & North Africa (IDA & IBRD countries),Tonga,South Asia (IDA & IBRD),Sub-Saharan Africa (IDA & IBRD countries),Trinidad and Tobago,Tunisia,Turkey,Tanzania,Uganda,Ukraine,Upper middle income,Uruguay,United States,Uzbekistan,Saint Vincent and the Grenadines,Venezuela,Virgin Islands (U.S.),Vietnam,Vanuatu,World,Samoa,Kosovo,Yemen,South Africa,Zambia,Zimbabwe
2000,73.787,51.27612888,55.841,49.21971381,46.522,73.955,67.80059145,74.327,73.576,71.409,73.94,79.23414634,78.12682927,66.763,49.091,77.72195122,55.391,50.489,65.447,71.66341463,74.44,71.914,74.403,68.91219512,68.847,77.88536585,62.452,70.116,77.162,72.809,60.884,50.629,44.19,79.13658537,72.71972472,79.6804878,79.037,76.366,71.397,49.635,50.993,50.041,52.123,72.945,59.46,68.583,77.452,71.41917942,76.699,76.92283814,82.1902439,78.009,74.96829268,77.92682927,57.022,76.59756098,76.59268293,69.429,70.64,70.13617701,64.40307724,71.17191877,67.33756643,73.02894839,72.761,68.602,78.27507038,55.273,78.96585366,70.41707317,51.941,77.0784478,55.31225032,77.46585366,65.687,79.05609756,78.43658537,64.55,58.264,77.74146341,69.902,57.002,51.203,55.956,50.368,53.279,77.88780488,72.648,66.22243902,67.849,75.011,65.242,77.45566947,80.87804878,70.689,52.26410061,72.80780488,57.131,71.24634146,68.05261886,65.49042859,56.0146035,55.19353906,65.772,56.42640581,77.96585366,62.505,76.53658537,70.176,69.082,79.65365854,78.95365854,79.77804878,74.142,71.73,81.07609756,65.45,50.921,68.55853659,58.432,63.144,71.33658537,75.9097561,73.142,71.42889623,58.803,74.507,51.734,70.852,73.319,71.68738957,55.47644093,53.12055135,76.82682927,71.333,62.7129208,65.34350236,47.691,70.90313616,72.0195122,77.87317073,70.31463415,80.407,76.87317073,68.684,67.006,58.485,70.173,69.88725675,74.34,65.23902439,66.40152558,72.94634146,48.069,78.34878049,60.063,69.35469409,73.18207317,62.869,48.946,60.706,71.66341463,45.09,72.594,76.88199634,52.192,75.16341463,49.928,46.267,69.527,77.98780488,78.63414634,62.288,78.63658537,76.92725513,72.126,60.24392472,62.82,75.06,71.111,68.793,70.49365854,59.265,73.74878049,50.6737762,76.68926829,65.268,76.31463415,70.546,71.022,66.55714298,77.35564394,72.303,77.467,71.16341463,65.48365854,48.649,62.82398281,72.561,58.472,57.787,77.95121951,67.442,39.441,68.875,50.869,71.58292683,50.44749089,49.166,50.45021391,63.11007935,61.365,67.822,73.05121951,75.41219512,79.64390244,47.49,75.75749129,72.77804878,73.11,47.713,70.19841517,68.15632343,53.491,70.623,61.974,63.613,71.53435678,59.002,69.3370643,69.667,62.82398281,50.45021391,69.413,73.172,70.005,50.801,46.229,67.67560976,70.57705209,74.731,76.63658537,67.156,70.809,72.112,76.6195122,73.025,67.363,67.54896003,68.748,67.95121951,60.683,56.048,44,44.649
2001,73.853,51.60645828,56.308,49.4751356,47.059,74.288,68.07251864,74.544,73.755,71.8,74.171,79.63414634,78.57560976,67.054,49.93,77.97317073,55.668,50.893,65.956,71.76829268,74.635,71.954,74.637,68.50731707,69.04,77.88536585,63.054,70.462,77.362,73.076,61.808,50.281,44.061,79.33902439,73.09614819,80.1804878,79.3,76.634,71.732,49.495,51.222,50.667,52.517,73.241,59.529,69.099,77.601,71.53799942,76.905,76.92283814,82.1902439,78.139,75.17317073,78.32926829,57.1,76.59756098,76.79268293,69.69,71.116,70.44228545,64.73386604,71.48171716,67.49194533,73.29355114,73.078,68.796,78.59711255,55.864,79.36829268,70.25853659,52.595,77.42548338,55.60177688,77.96585366,65.863,79.15853659,78.64146341,64.71,57.968,77.99268293,70.065,57.158,51.255,56.359,50.744,53.581,78.38780488,72.805,66.70926829,68.304,75.373,65.532,77.75335903,81.42439024,70.976,52.74934234,74.51292683,57.382,72.24878049,68.34249925,65.77260152,56.3889791,55.39921755,66.037,56.88507354,77.96585366,62.907,77.13414634,70.553,68.983,80.6902439,79.40731707,80.12682927,74.139,71.907,81.41707317,65.76,51.101,68.70731707,59.335,63.446,71.33658537,76.41219512,73.21,71.74452293,59.372,74.999,52.236,71.038,73.486,71.99312403,55.97247317,53.65932058,79.27560976,72.233,63.03662589,65.62910067,46.197,71.21179555,71.65853659,77.82439024,70.76097561,80.645,76.97317073,69.193,67.185,59.129,70.964,70.1860594,74.658,65.23902439,66.68098094,73.43658537,48.758,78.84390244,60.377,69.65395818,73.1875122,63.319,49.295,60.788,71.76585366,45.204,72.782,77.08241004,51.399,74.83170732,50.584,46.51,69.934,78.1902439,78.78536585,62.945,78.69268293,77.23460023,72.58,60.10741503,63.066,75.233,71.505,68.835,69.81146341,59.487,74.2,51.0589412,77.06682927,66.087,76.81463415,70.786,71.239,66.79805865,77.64789127,72.658,77.612,71.16097561,65.38341463,49.936,63.22899212,72.759,58.859,58.177,78.25121951,67.816,40.369,69.162,51.213,72.23414634,50.74734771,49.592,50.75002366,63.02551611,62.017,67.913,73.40243902,75.75853659,79.79512195,45.799,75.75749129,73.25365854,73.371,47.789,70.49794359,68.34006446,53.554,70.832,62.807,63.842,71.84355669,59.945,69.63706362,69.725,63.22899212,50.75002366,69.65,73.415,70.56,51.444,47.22,67.83707317,70.84377644,74.939,76.83658537,67.374,70.882,72.294,77.62195122,73.228,67.583,67.8217449,69.103,67.99756098,61.216,55.089,44.615,44.01
2002,73.937,52.04314928,56.784,49.81692863,47.702,74.579,68.34024632,74.758,73.932,72.112,74.395,79.93658537,78.67804878,67.391,50.81,78.07560976,56.025,51.384,66.43,71.86585366,74.822,71.977,74.803,68.05609756,69.272,78.08780488,63.64,70.813,77.534,73.332,62.728,50.232,44.063,79.4902439,73.24241549,80.38536585,79.548,76.894,72.061,49.475,51.536,51.385,53.091,73.517,59.617,69.557,77.74,71.71336257,77.105,76.92283814,82.1902439,78.264,75.22195122,78.22926829,57.235,76.59756098,76.89512195,69.957,71.605,70.74836533,65.0651669,71.77476486,67.58726493,73.40648789,73.371,68.961,78.68446787,56.5,79.56829268,70.90487805,53.349,77.53272154,55.96063274,78.1195122,66.022,79.26097561,78.84390244,64.888,57.791,78.14390244,70.22,57.425,51.484,56.761,51.123,53.84,78.64146341,72.929,67.19634146,68.717,75.726,65.828,77.88920711,81.42682927,71.249,53.29664728,74.71731707,57.655,72.34878049,68.62331705,66.05610476,56.80357121,55.67027371,66.321,57.37109348,77.96585366,63.304,77.63414634,70.921,68.827,80.50243902,79.45121951,80.22926829,74.14,72.083,81.56341463,65.95,51.606,68.15609756,60.283,63.731,71.33658537,76.76585366,73.28,72.0463806,59.937,75.488,52.826,71.244,73.648,72.28763379,56.49957872,54.24963977,79.63658537,73.085,63.37516644,65.91900567,44.898,71.49905131,71.76097561,77.96585366,70.96097561,80.87,77.17317073,69.769,67.362,59.717,71.708,70.47001714,74.922,65.23902439,66.96074786,73.03902439,49.54,78.73902439,60.685,69.94988284,73.23726829,63.777,49.61,60.892,71.96585366,45.517,72.976,77.18781814,50.862,75.10243902,51.256,46.835,70.308,78.29268293,78.98780488,63.57,78.84634146,77.39688554,73.022,60.09821865,63.3,75.401,71.882,68.88,69.81146341,59.722,74.49756098,51.52350722,77.7604878,66.925,77.06585366,71.023,71.447,67.03312837,77.78723898,73.017,77.762,71.0097561,65.12878049,50.987,63.62377106,72.92,59.258,58.675,78.55121951,68.175,41.376,69.432,51.492,72.28536585,51.14578302,50.05,51.14816454,63.08503465,62.687,68.064,73.60487805,76.00731707,79.84634146,44.41,75.75749129,71.08780488,73.663,47.9,70.79723064,68.43898247,53.71,71.089,63.653,64.101,72.13921074,60.901,69.93379489,69.771,63.62377106,51.14816454,69.903,73.638,71.078,52.142,48.299,68.27560976,71.09400622,75.152,76.93658537,67.613,70.977,72.466,77.52195122,73.438,67.793,68.07014019,69.451,67.94390244,61.781,54.31,45.4,43.523
2003,74.038,52.5858534,57.271,50.23943237,48.44,74.828,68.61050561,74.968,74.107,72.348,74.613,80.23902439,78.63170732,67.791,51.69,78.12926829,56.436,51.956,66.886,72.06585366,74.999,71.986,74.941,68.55365854,69.511,78.33414634,64.21,71.17,77.682,73.575,63.624,50.518,44.182,79.74146341,73.38225278,80.53658537,79.795,77.146,72.381,49.572,51.908,52.144,53.817,73.777,59.738,69.932,77.871,71.79199379,77.303,76.92283814,82.1902439,78.385,75.17073171,78.3804878,57.427,76.59756098,77.14390244,70.227,72.101,71.05126632,65.40225897,72.06752825,67.70344673,73.51456562,73.641,69.116,78.70717949,57.191,79.6195122,71.31707317,54.211,77.59066196,56.32632022,78.36829268,66.152,79.11463415,78.94390244,65.08,57.759,78.44634146,70.349,57.785,51.901,57.159,51.501,54.064,78.84146341,73.023,68.11487805,69.092,76.065,66.122,78.02151951,81.37804878,71.511,53.90032259,74.61390244,57.959,72.3,68.90467733,66.34976745,57.26017538,55.99178942,66.631,57.89443919,77.96585366,63.699,78.13902439,71.265,68.636,80.96341463,79.64878049,79.98292683,74.142,72.256,81.76,65.74,52.41,68.25609756,61.241,63.995,71.33658537,77.21463415,73.355,72.33027436,60.502,75.969,53.554,71.466,73.808,72.56226154,57.05801324,54.88207789,79.96097561,73.799,63.71705775,66.21817532,43.845,71.79117717,72.06097561,77.72682927,71.26585366,81.089,77.37317073,70.399,67.521,60.256,72.399,70.75154443,75.118,65.23902439,67.24670384,73.24146341,50.373,78.54634146,60.989,70.24135954,73.31853659,64.23,49.889,61.018,72.11707317,46.052,73.17,77.30281077,50.589,75.27073171,51.95,47.242,70.64,78.49268293,79.3902439,64.165,79.14634146,77.54903408,73.447,60.20841736,63.522,75.565,72.24,68.937,69.81146341,59.974,74.59756098,52.05507514,78.07121951,67.615,77.2195122,71.249,71.648,67.25015595,77.91472665,73.382,77.919,71.3097561,65.02756098,52.178,64.01139646,73.051,59.67,59.259,79.03902439,68.518,42.419,69.68,51.762,72.43658537,51.63989373,50.55,51.64212387,63.14096216,63.359,68.28,73.60487805,76.85853659,80.09512195,43.372,75.75749129,71.02926829,73.967,48.057,71.09519763,68.55880413,53.938,71.389,64.496,64.386,72.41716322,61.888,70.22611888,69.803,64.01139646,51.64212387,70.164,73.842,71.559,52.866,49.421,68.21073171,71.3533198,75.373,77.03658537,67.868,71.087,72.618,77.52195122,73.654,67.99,68.32601818,69.781,68.19512195,62.358,53.749,46.322,43.195
2004,74.156,53.22891347,57.772,50.73341665,49.263,75.039,68.88618776,75.174,74.28,72.513,74.821,80.4902439,79.1804878,68.249,52.547,78.87804878,56.887,52.602,67.331,72.56341463,75.167,71.988,75.068,68.95609756,69.749,78.48536585,64.766,71.531,77.808,73.801,64.483,51.15,44.413,79.89268293,73.73043493,81.08780488,80.045,77.391,72.689,49.788,52.321,52.917,54.667,74.026,59.904,70.219,77.996,71.923541,77.499,76.92283814,82.1902439,78.506,75.72195122,78.6804878,57.682,76.59756098,77.49268293,70.499,72.594,71.34881739,65.74821736,72.36114457,68.058523,73.95827902,73.887,69.271,79.27870164,57.932,79.87073171,71.9097561,55.174,78.1157576,56.73374431,78.71463415,66.247,80.16341463,79.09268293,65.282,57.885,78.74634146,70.451,58.225,52.499,57.553,51.883,54.263,79.03902439,73.088,68.59268293,69.437,76.387,66.412,78.43305413,81.82926829,71.77,54.5520779,75.5202439,58.292,72.64878049,69.20957749,66.6704732,57.75458058,56.37096256,66.969,58.44575614,77.96585366,64.095,78.53902439,71.592,68.437,80.99756098,80.14634146,80.7804878,74.146,72.427,82.0302439,66.06,53.475,68.15365854,62.186,64.242,71.33658537,77.66585366,73.439,72.59766145,61.065,76.432,54.422,71.693,73.966,72.8191972,57.64382121,55.54825688,81.77073171,74.337,64.07148121,66.54207696,43.083,72.11858215,71.96097561,79.12195122,72.02682927,81.304,77.52195122,71.067,67.665,60.752,73.034,71.03757081,75.243,65.23902439,67.5560689,73.59756098,51.224,79.25365854,61.294,70.52965829,73.42926829,64.671,50.143,61.17,72.26585366,46.823,73.364,77.72448798,50.6,75.47073171,52.668,47.72,70.933,79.09512195,79.84146341,64.729,79.54878049,77.94370424,73.851,60.4848716,63.736,75.728,72.581,69.013,69.81146341,60.245,74.84634146,52.64148346,78.17585366,68.102,77.67073171,71.464,71.842,67.44566844,78.34048534,73.751,78.083,71.56097561,65.47097561,53.595,64.39518784,73.159,60.092,59.912,79.4902439,68.845,43.467,69.908,52.043,72.68292683,52.22249096,51.095,52.22477202,63.35687366,64.02,68.555,73.95853659,77.20731707,80.49756098,42.731,75.75749129,72.66097561,74.25,48.27,71.3903258,68.90283019,54.234,71.728,65.314,64.693,72.67840841,62.893,70.51532132,69.822,64.39518784,52.22477202,70.428,74.034,72.004,53.602,50.554,68.18536585,71.64765874,75.599,77.48780488,68.135,71.208,72.746,77.77317073,73.875,68.176,68.6525098,70.089,68.49512195,62.931,53.444,47.354,43.065
2005,74.287,53.96655013,58.29,51.28348666,50.165,75.228,69.16468296,75.376,74.451,72.626,75.019,80.84146341,79.33170732,68.747,53.369,78.9804878,57.355,53.31,67.773,72.56097561,75.326,71.987,75.198,68.85121951,69.998,78.68536585,65.312,71.896,77.915,74.006,65.289,52.13,44.744,80.19268293,73.84499514,81.23658537,80.298,77.63,72.985,50.12,52.76,53.675,55.6,74.265,60.126,70.424,78.117,72.05570873,77.688,76.92283814,82.1902439,78.63,75.92439024,78.93170732,57.991,76.59756098,77.84390244,70.771,73.072,71.6407033,66.10620881,72.62462075,68.18494858,74.1204196,74.112,69.434,79.42628302,58.707,80.17073171,72.56829268,56.223,78.27264114,57.1576744,78.81707317,66.313,80.16341463,79.2902439,65.489,58.181,79.04878049,70.538,58.719,53.238,57.939,52.275,54.449,79.23902439,73.123,68.42731707,69.762,76.687,66.694,78.53840333,81.62926829,72.026,55.24228463,75.24463415,58.652,72.64878049,69.49564016,66.98403419,58.27957939,56.79777194,67.334,59.01938614,77.96585366,64.5,78.94390244,71.917,68.266,81.50243902,80.15121951,80.78292683,74.148,72.595,81.92512195,65.86,54.732,67.95609756,63.088,64.478,71.33658537,78.16829268,73.538,72.84908476,61.625,76.865,55.393,71.902,74.122,73.06052666,58.25286527,56.23762893,80.66829268,74.695,64.43651683,66.85917991,42.658,72.4016758,71.25365854,79.43170732,71.35609756,81.523,77.67317073,71.746,67.82,61.212,73.612,71.31003055,75.3,65.23902439,67.85509719,73.69756098,52.057,79.3,61.607,70.8130182,73.98292683,65.103,50.387,61.349,72.43219512,47.844,73.555,77.75408225,50.931,75.72195122,53.411,48.252,71.195,79.34634146,80.04146341,65.264,79.85121951,78.06314654,74.23,60.90937792,63.951,75.892,72.908,69.112,69.12926829,60.534,74.99512195,53.2699022,78.29609756,68.389,78.07073171,71.667,72.028,67.63693106,78.43332159,74.116,78.252,71.91219512,65.5297561,55.254,64.78317085,73.256,60.525,60.62,79.9902439,69.158,44.502,70.124,52.346,72.83414634,52.88432687,51.686,52.88642826,63.67863561,64.659,68.877,73.90487805,77.61219512,80.54634146,42.518,75.75749129,72.13170732,74.43,48.549,71.68224162,69.0362413,54.602,72.099,66.08,65.017,72.92378548,63.882,70.79963482,69.836,64.78317085,52.88642826,70.691,74.217,72.424,54.349,51.676,67.95682927,71.90557174,75.826,77.48780488,68.407,71.331,72.852,77.42195122,74.092,68.35,68.92021195,70.374,68.69512195,63.481,53.447,48.496,43.241
2006,74.429,54.79170665,58.826,51.86820257,51.143,75.423,69.43945938,75.573,74.62,72.716,75.204,81.04146341,79.8804878,69.259,54.163,79.3804878,57.817,54.063,68.213,72.61219512,75.478,71.988,75.342,69.40487805,70.286,78.88780488,65.853,72.26,78.009,74.189,66.031,53.435,45.158,80.34390244,74.09260273,81.4902439,80.553,77.865,73.271,50.561,53.215,54.401,56.573,74.5,60.407,70.565,78.239,72.18703608,77.864,74.7097561,82.1902439,78.764,76.52439024,79.13170732,58.34,76.59756098,78.09512195,71.041,73.521,71.92756969,66.48034464,72.9216443,68.83748419,74.61818817,74.319,69.608,79.8561324,59.487,80.82195122,72.69146341,57.334,78.66892325,57.62763052,79.21463415,66.362,80.81219512,79.63902439,65.697,58.641,79.24878049,70.635,59.234,54.052,58.313,52.691,54.638,79.43902439,73.125,68.66658537,70.082,76.966,66.972,78.84838467,82.37560976,72.285,55.96161697,75.83682927,59.028,73.09756098,69.83291886,67.34296566,58.82724361,57.26156366,67.717,59.60886068,77.96585366,64.918,79.24146341,72.257,68.157,81.15853659,80.55365854,81.28292683,74.143,72.763,82.32195122,66.15,56.093,67.69512195,63.927,64.712,71.33658537,78.66829268,73.66,73.08509475,62.182,77.26,56.4,72.063,74.276,73.28745866,58.88039487,56.94201201,80.94878049,74.904,64.82113481,67.22139374,42.595,72.75628707,71.05609756,79.28780488,70.86585366,81.748,77.87317073,72.403,68.022,61.65,74.138,71.58493995,75.296,65.23902439,68.20134018,73.89512195,52.839,79.43902439,61.938,71.08730699,73.83902439,65.538,50.641,61.552,72.43219512,49.118,73.744,77.94939267,51.609,76.07560976,54.18,48.812,71.436,79.69756098,80.34390244,65.773,80.04878049,78.34888186,74.577,61.40830319,64.176,76.06,73.222,69.233,69.81146341,60.836,75.14390244,53.92744099,78.41634146,68.54,78.4195122,71.862,72.203,67.78614146,78.75815182,74.466,78.425,72.16341463,66.72756098,57.083,65.17993289,73.355,60.969,61.365,80.14146341,69.462,45.517,70.333,52.669,73.38536585,53.61219037,52.315,53.6142094,64.04386903,65.27,69.227,74.20487805,78.08658537,80.74878049,42.733,75.75749129,72.21707317,74.412,48.907,71.97078284,69.62195544,55.052,72.499,66.771,65.354,73.15408652,64.803,71.07491578,69.852,65.17993289,53.6142094,70.952,74.391,72.83,55.119,52.784,68.07756098,72.24267802,76.046,77.68780488,68.676,71.449,72.938,78.32439024,74.295,68.515,69.26229064,70.642,68.94634146,63.997,53.795,49.757,43.853
2007,74.576,55.6823435,59.375,52.46395756,52.177,75.646,69.70155529,75.767,74.787,72.815,75.376,81.29268293,80.1804878,69.752,54.944,79.78292683,58.255,54.841,68.648,72.66341463,75.625,71.998,75.498,70.20731707,70.636,78.93414634,66.395,72.618,78.097,74.351,66.709,54.983,45.636,80.54390244,74.25064872,81.74146341,80.802,78.099,73.553,51.091,53.681,55.091,57.541,74.732,60.734,70.676,78.362,72.31605654,78.019,75.36341463,82.1902439,78.91,76.72439024,79.53414634,58.719,76.59756098,78.19512195,71.304,73.936,72.21234651,66.86664715,73.20093388,69.35985169,74.97592391,74.514,69.788,80.09988192,60.243,80.87317073,72.81463415,58.467,78.90203604,58.10817589,79.26341463,66.413,81.11219512,79.98780488,65.901,59.229,79.44878049,70.765,59.741,54.864,58.671,53.136,54.842,79.43902439,73.096,69.37268293,70.409,77.227,67.247,79.08900378,82.32682927,72.544,56.69696411,75.70560976,59.408,73.15121951,70.16342974,67.70002763,59.38746957,57.74881487,68.105,60.20585992,77.96585366,65.35,79.64146341,72.626,68.13,81.45365854,80.50487805,81.43414634,74.129,72.931,82.50707317,66.34,57.463,67.89512195,64.697,64.953,71.33658537,79.1195122,73.807,73.30944286,62.731,77.609,57.365,72.155,74.426,73.50178524,59.51770307,57.64955877,81.29512195,75.037,65.21729373,67.58208284,42.854,73.08146635,70.9,79.38292683,71.0195122,81.981,78.02195122,73.009,68.302,62.079,74.621,71.84130341,75.255,65.23902439,68.54484562,73.8,53.553,79.79268293,62.294,71.34764391,74.33902439,65.985,50.934,61.776,72.57073171,50.595,73.931,78.23954847,52.593,76.47804878,54.968,49.373,71.673,80.09756098,80.39512195,66.26,80.15121951,78.5717356,74.893,62.05476492,64.42,76.234,73.528,69.37,69.81146341,61.141,75.24390244,54.60056827,78.42585366,68.675,78.32195122,72.055,72.366,67.94835734,79.01182061,74.793,78.601,72.56585366,67.58682927,58.915,65.58771357,73.467,61.422,62.126,80.44146341,69.762,46.52,70.542,52.998,73.63170732,54.38344059,52.96,54.3854324,64.51910821,65.854,69.579,74.20731707,78.56097561,80.9,43.308,74.54390244,73.14390244,74.152,49.335,72.2573864,70.0912288,55.581,72.916,67.382,65.695,73.37328115,65.61,71.33624089,69.878,65.58771357,54.3854324,71.21,74.558,73.235,55.926,53.887,68.22219512,72.55920594,76.251,77.98780488,68.939,71.554,73.01,76.86341463,74.474,68.672,69.5915489,70.901,69.19756098,64.47,54.452,51.134,44.947
2008,74.725,56.60979892,59.93,53.0495004,53.243,75.912,69.94217387,75.957,74.952,72.946,75.535,81.39512195,80.43170732,70.201,55.721,79.6804878,58.654,55.618,69.072,72.96341463,75.77,72.022,75.665,70.45609756,71.059,79.23658537,66.937,72.966,78.184,74.494,67.325,56.679,46.161,80.69512195,74.57595268,81.99268293,81.041,78.33,73.835,51.682,54.153,55.743,58.466,74.962,61.094,70.786,78.491,72.4407885,78.15,75.3097561,82.1902439,79.071,76.97560976,79.73658537,59.124,76.59756098,78.44634146,71.559,74.311,72.49664016,67.26249961,73.4698955,69.70039646,75.24372541,74.705,69.971,80.30291579,60.952,81.17560976,73.77073171,59.581,79.12549885,58.57785206,79.56829268,66.477,81.21463415,80.13658537,66.099,59.904,79.6,70.946,60.216,55.614,59.012,53.612,55.07,79.93902439,73.038,70.01512195,70.75,77.474,67.521,79.23682496,82.37560976,72.803,57.43356861,75.91219512,59.782,73.70243902,70.48349963,68.04951694,59.94514258,58.24290389,68.485,60.79602418,77.96585366,65.794,80.09512195,73.027,68.19,81.6097561,80.95121951,81.48536585,74.103,73.099,82.58756098,67.11,58.76,68.45121951,65.394,65.208,71.33658537,79.51707317,73.976,73.52451291,63.271,77.911,58.229,72.174,74.571,73.70415657,60.15420571,58.34387159,82.68292683,75.157,65.61737389,67.93525691,43.384,73.37782903,71.81219512,80.53902439,72.4195122,82.22,78.22195122,73.546,68.671,62.509,75.073,72.09133372,75.194,65.23902439,68.88030182,74.4,54.193,79.63658537,62.678,71.58861567,75.13658537,66.447,51.292,62.015,72.57073171,52.206,74.118,78.3009808,53.817,76.6804878,55.764,49.913,71.915,80.25121951,80.59268293,66.727,80.35121951,78.71992779,75.179,62.7972733,64.685,76.414,73.826,69.515,69.81146341,61.442,75.54390244,55.27598421,77.96292683,68.884,78.52439024,72.251,72.517,68.11680769,79.15435062,75.092,78.775,72.56585366,67.94926829,60.612,66.00524977,73.598,61.879,62.88,80.7902439,70.063,47.508,70.756,53.326,73.88536585,55.17255555,53.6,55.17445654,65.06704842,66.412,69.91,74.70487805,78.76585366,81.1,44.17,74.53658537,73.16341463,73.647,49.82,72.54253415,70.40644985,56.178,73.341,67.911,66.031,73.58362603,66.276,71.5781151,69.921,66.00524977,55.17445654,71.464,74.72,73.649,56.777,54.984,68.25146341,72.85125284,76.437,78.03902439,69.193,71.643,73.071,77.16341463,74.625,68.824,69.89951482,71.158,69.44878049,64.892,55.36,52.606,46.504
2009,74.872,57.54877186,60.484,53.61208951,54.311,76.221,70.15756008,76.145,75.116,73.118,75.683,81.54390244,80.33170732,70.597,56.488,80.03414634,59.009,56.377,69.485,73.41219512,75.913,72.067,75.844,70.40731707,71.541,79.38843902,67.476,73.3,78.272,74.623,67.882,58.447,46.719,80.99512195,74.93036393,82.04390244,81.268,78.558,74.119,52.313,54.627,56.35,59.321,75.193,61.475,70.911,78.626,72.56174942,78.256,76.15609756,82.1902439,79.245,77.07804878,79.83658537,59.561,76.59756098,78.59756098,71.806,74.644,72.78072417,67.66168986,73.75912516,70.3066155,75.64266213,74.895,70.159,80.50518151,61.602,81.47560976,74.82439024,60.645,79.35722831,59.09118688,79.7195122,66.559,81.41463415,80.38536585,66.29,60.637,80.05121951,71.18,60.645,56.279,59.334,54.113,55.329,80.18780488,72.96,70.53195122,71.108,77.71,67.792,79.52696221,82.77560976,73.061,58.15822389,76.16829268,60.148,73.90487805,70.83254022,68.4189904,60.48783245,58.73064721,68.853,61.3672131,77.96585366,66.244,80.1902439,73.457,68.34,81.75121951,81.40487805,81.63658537,74.071,73.266,82.93146341,68.39,59.932,69.10243902,66.014,65.48,71.33658537,79.96829268,74.162,73.73261157,63.797,78.161,58.971,72.129,74.712,73.9041865,60.78070658,59.0089082,81.5,75.286,66.03255835,68.3071721,44.146,73.70313706,72.91463415,80.63658537,73.0804878,82.462,78.37317073,74.003,69.119,62.944,75.499,72.32599404,75.128,65.23902439,69.23804131,74.44634146,54.756,80.24146341,63.089,71.80985946,75.14390244,66.916,51.738,62.266,72.88243902,53.888,74.305,78.64772827,55.207,76.9804878,56.557,50.422,72.167,80.54878049,80.79512195,67.178,80.70243902,78.97693251,75.44,63.57033498,64.969,76.6,74.12,69.667,69.81146341,61.739,75.69512195,55.94318769,78.191,69.185,78.72682927,72.45,72.656,68.29563224,79.47739306,75.363,78.945,73.3097561,68.68463415,62.129,66.42785669,73.75,62.33,63.607,81.24146341,70.366,48.468,70.978,53.654,73.98536585,55.95935047,54.219,55.96111815,65.6435259,66.938,70.209,74.9097561,78.97073171,81.35121951,45.275,75.58780488,73.08292683,72.938,50.346,72.82629571,70.9725141,56.818,73.766,68.36,66.355,73.7868999,66.796,71.80020172,69.982,66.42785669,55.96111815,71.71,74.88,74.074,57.666,56.06,69.19,73.17274468,76.603,78.3902439,69.435,71.716,73.116,77.51463415,74.745,68.974,70.24645381,71.412,69.64878049,65.255,56.46,54.13,48.449
2010,75.017,58.47069668,61.028,54.14430671,55.35,76.562,70.34991642,76.332,75.278,73.331,75.823,81.69512195,80.5804878,70.938,57.228,80.18292683,59.318,57.096,69.881,73.51219512,76.057,72.144,76.031,70.40487805,72.057,79.28853659,68.007,73.619,78.364,74.74,68.384,60.211,47.312,81.24634146,75.29396578,82.24634146,81.483,78.779,74.409,52.964,55.101,56.909,60.093,75.424,61.862,71.062,78.769,72.67940423,78.338,76.92283814,82.1902439,79.43,77.42439024,79.98780488,60.062,76.59756098,79.1,72.046,74.938,73.06626429,68.05602104,74.01299917,70.6532977,75.94492436,75.089,70.349,80.74678096,62.193,81.62682927,75.42926829,61.627,79.62942605,59.59146924,79.87073171,66.655,81.66341463,80.68780488,66.471,61.4,80.40243902,71.46,61.03,56.861,59.637,54.628,55.622,80.38780488,72.867,70.29195122,71.481,77.941,68.059,79.70730434,82.97804878,73.317,58.85894745,76.47560976,60.511,74.20731707,71.16180256,68.76825601,61.0067031,59.20835377,69.205,61.90857485,77.96585366,66.693,80.74390244,73.905,68.567,81.89756098,81.60243902,82.03658537,74.038,73.428,82.84268293,68.45,60.959,69.3,66.56,65.769,71.33658537,80.11707317,74.358,73.9348189,64.306,78.36,59.6,72.044,74.852,74.09722025,61.38674957,59.63435852,81.84146341,75.439,66.44301845,68.65864304,45.1,73.98396266,73.26829268,80.63170732,73.48292683,82.704,78.52195122,74.382,69.616,63.388,75.905,72.53918362,75.065,65.23902439,69.57605685,74.99756098,55.251,81.39756098,63.525,72.01470099,75.9902439,67.38,52.31,62.527,72.96731707,55.564,74.493,78.80945553,56.665,77.2804878,57.333,50.896,72.428,80.70243902,80.99756098,67.611,80.70243902,79.14888714,75.682,64.32882235,65.264,76.792,74.41,69.823,69.81146341,62.029,76.24634146,56.59345632,78.41909756,69.571,79.02682927,72.653,72.788,68.48523385,79.68613989,75.611,79.108,73.45853659,68.84121951,63.433,66.8487685,73.917,62.764,64.284,81.54146341,70.674,49.382,71.21,53.99,74.33658537,56.72376828,54.8,56.72547002,66.2160538,67.43,70.465,75.11219512,79.42195122,81.45121951,46.601,75.75749129,73.19756098,72.108,50.89,73.11046429,71.32219579,57.468,74.184,68.736,66.657,73.98334578,67.186,72.00580157,70.059,66.8487685,56.72547002,71.946,75.041,74.507,58.584,57.099,70.26536585,73.45530576,76.75,78.54146341,69.672,71.776,73.134,77.86585366,74.837,69.123,70.55669028,71.663,69.9,65.549,57.669,55.655,50.64
2011,75.158,59.35359492,61.553,54.64999813,56.33,76.914,70.52876168,76.521,75.439,73.572,75.956,81.89512195,80.98292683,71.234,57.925,80.58536585,59.59,57.761,70.256,74.16341463,76.2,72.263,76.219,70.55365854,72.57,81.15268293,68.521,73.921,78.456,74.852,68.84,61.91,47.95,81.44878049,75.88847488,82.69512195,81.688,78.986,74.708,53.62,55.581,57.427,60.785,75.655,62.24,71.243,78.919,72.79529509,78.4,77.47317073,82.1902439,79.621,77.87317073,80.43658537,60.667,76.59756098,79.8,72.284,75.199,73.35573867,68.43890413,74.26612883,71.20976379,76.46043573,75.289,70.543,81.23282485,62.732,82.47560976,76.22926829,62.505,80.13777291,60.04032162,80.47073171,66.759,82.11463415,80.93902439,66.646,62.168,80.95121951,71.773,61.381,57.387,59.917,55.144,55.945,80.73170732,72.768,69.85414634,71.861,78.173,68.321,79.96169791,83.42195122,73.569,59.52887102,76.77560976,60.879,74.85853659,71.51024622,69.12772485,61.49973267,59.66462167,69.542,62.42208014,77.96585366,67.13,80.74634146,74.352,68.848,82.35853659,81.65609756,82.18780488,74.012,73.581,82.59121951,68.69,61.851,69.60243902,67.043,66.072,71.33658537,80.56829268,74.55,74.13239296,64.797,78.507,60.146,71.956,74.993,74.28311752,61.96534707,60.21803482,81.79268293,75.614,66.83298752,69.01865094,46.207,74.31785635,73.56341463,80.98780488,73.57560976,82.938,78.72195122,74.696,70.119,63.836,76.293,72.73749241,75.011,65.23902439,69.9264087,75.1,55.701,80.74634146,63.983,72.2108648,75.98292683,67.818,53.043,62.799,73.26682927,57.161,74.683,78.92055891,58.085,76.63170732,58.081,51.346,72.692,81.20487805,81.29512195,68.028,80.90487805,79.37988541,75.916,65.03176728,65.562,76.989,74.697,69.984,69.81146341,62.316,76.69512195,57.22415595,78.64065854,70.012,80.47073171,72.86,72.915,68.68298504,79.95295059,75.844,79.26,74.4097561,69.68390244,64.523,67.25831619,74.089,63.171,64.898,81.74390244,70.985,50.234,71.449,54.342,74.53658537,57.45450696,55.325,57.45600208,66.75396751,67.885,70.676,75.95853659,79.97073171,81.80243902,48.141,75.75749129,72.72439024,71.27,51.424,73.39791418,71.88095089,58.092,74.593,69.055,66.928,74.17297212,67.477,72.20270146,70.148,67.25831619,57.45600208,72.17,75.206,74.944,59.525,58.087,70.80926829,73.7872626,76.882,78.64146341,69.91,71.827,73.11,78.31707317,74.904,69.272,70.88401703,71.906,70.2,65.768,58.895,57.126,52.896
2012,75.299,60.18556105,62.054,55.13894432,57.236,77.252,70.7037978,76.711,75.598,73.82,76.087,82.04634146,80.93658537,71.506,58.568,80.38536585,59.842,58.374,70.606,74.31463415,76.342,72.424,76.401,71.96585366,73.044,81.67780488,69.01,74.209,78.547,74.962,69.263,63.511,48.638,81.64878049,75.9934886,82.69756098,81.883,79.176,75.013,54.271,56.073,57.914,61.423,75.882,62.595,71.445,79.074,72.91180938,78.446,77.52439024,82.1902439,79.812,78.07560976,80.53902439,61.395,76.59756098,80.05121951,72.523,75.436,73.64769112,68.80320526,74.56283254,71.59304497,76.62261393,75.495,70.736,81.22715818,63.238,82.42682927,76.32682927,63.281,80.15688817,60.45111504,80.62682927,66.859,81.96829268,81.1902439,66.817,62.924,80.90487805,72.097,61.72,57.905,60.178,55.645,56.288,80.63414634,72.669,70.55,72.236,78.408,68.575,80.0797453,83.4804878,73.814,60.16656535,76.92439024,61.26,75.06341463,71.82971652,69.4611474,61.96757461,60.09325422,69.866,62.91111632,77.96585366,67.545,80.84634146,74.776,69.148,82.91707317,81.70487805,82.23902439,74.001,73.722,83.09609756,69.52,62.659,70.00243902,67.48,66.381,71.33658537,80.8195122,74.728,74.32530827,65.267,78.611,60.663,71.901,75.138,74.46145444,62.51335636,60.76605155,82.38292683,75.796,67.19921401,69.35857358,47.416,74.60981626,73.86341463,81.39268293,73.77804878,83.158,78.87317073,74.97,70.581,64.28,76.664,72.93166117,74.966,65.23902439,70.25711568,74.90243902,56.135,80.74634146,64.453,72.4050187,76.2,68.217,53.931,63.079,73.86341463,58.629,74.877,79.03147799,59.387,77.07804878,58.79,51.786,72.951,81.10487805,81.45121951,68.426,81.15609756,79.49704942,76.149,65.7048157,65.849,77.188,74.981,70.149,69.81146341,62.604,76.74634146,57.8355568,78.84758537,70.454,80.37317073,73.068,73.041,68.88200361,80.08676424,76.074,79.399,74.41219512,70.07219512,65.438,67.64633754,74.254,63.542,65.448,81.99512195,71.296,51.018,71.692,54.713,74.83658537,58.14802592,55.791,58.14957771,67.27436814,68.306,70.851,76.1097561,80.12439024,81.70487805,49.862,73.05365854,74.27560976,70.55,51.928,73.68783665,72.21221885,58.661,74.992,69.34,67.167,74.35526705,67.72,72.39759622,70.242,67.64633754,58.14957771,72.382,75.376,75.373,60.47,59.017,70.94414634,74.09966482,77.004,78.74146341,70.155,71.879,73.037,78.51707317,74.958,69.421,71.17329899,72.136,70.49756098,65.92,60.06,58.502,55.032
2013,75.441,60.95336296,62.525,55.61898641,58.054,77.554,70.8822177,76.903,75.756,74.056,76.218,82.14878049,81.13658537,71.768,59.148,80.58780488,60.092,58.937,70.93,74.86097561,76.484,72.62,76.569,72.47073171,73.452,80.57243902,69.468,74.483,78.633,75.075,69.662,64.976,49.371,81.74878049,76.35516299,82.79756098,82.071,79.349,75.321,54.906,56.576,58.381,62.022,76.105,62.922,71.661,79.234,73.03013854,78.485,77.82682927,82.1902439,79.999,78.17560976,80.4902439,62.239,76.59756098,80.3,72.763,75.661,73.9384118,69.1451634,74.84944386,72.02450983,76.95625308,75.707,70.928,81.51232872,63.726,83.07804878,77.14146341,63.961,80.46374092,60.85289768,80.97560976,66.95,82.2195122,81.44146341,66.986,63.648,81.00487805,72.412,62.064,58.447,60.426,56.117,56.642,81.28536585,72.579,71.57341463,72.596,78.649,68.819,80.26669177,83.83170732,74.051,60.77033533,77.12682927,61.658,75.56585366,72.14643098,69.78776043,62.41367165,60.50417686,70.179,63.37647088,77.96585366,67.931,80.94878049,75.162,69.437,82.06097561,82.05609756,82.6902439,74.01,73.851,83.33195122,70.62,63.419,70.20243902,67.888,66.69,71.33658537,81.27073171,74.885,74.51329638,65.717,78.683,61.186,71.907,75.286,74.63279792,63.02859043,61.28326794,82.26097561,75.974,67.5465362,69.68816173,48.663,74.91946981,73.91463415,81.8,73.98292683,83.361,79.02195122,75.227,70.968,64.713,77.018,73.13239732,74.93,65.23902439,70.57899053,75.4,56.578,81.74634146,64.921,72.60231836,76.4902439,68.566,54.949,63.366,74.01707317,59.931,75.072,79.04221001,60.513,77.17804878,59.455,52.228,73.197,81.30487805,81.75121951,68.806,81.40731707,79.66195229,76.388,66.34210506,66.117,77.386,75.258,70.315,69.81146341,62.892,77,58.42601985,79.03434146,70.853,80.72195122,73.274,73.17,69.07737595,80.26808471,76.307,79.527,75.06341463,70.57878049,66.219,68.00771543,74.402,63.875,65.939,82.24634146,71.601,51.731,71.935,55.104,75.18536585,58.80002042,56.2,58.80138624,67.77178784,68.695,71.002,76.41219512,80.32195122,81.95609756,51.699,75.75749129,73.1195122,70.049,52.386,73.97706926,72.6319155,59.16,75.378,69.609,67.375,74.5302464,67.953,72.59565309,70.335,68.00771543,58.80138624,72.582,75.552,75.784,61.398,59.881,71.1595122,74.41518321,77.124,78.74146341,70.41,71.939,72.918,78.71707317,75.006,69.57,71.46586441,72.351,70.79756098,66.016,61.099,59.746,56.897
2014,75.583,61.64736659,62.966,56.08826904,58.776,77.813,71.06426877,77.095,75.913,74.273,76.349,82.3,81.4902439,72.022,59.665,81.28780488,60.345,59.45,71.231,74.46585366,76.624,72.847,76.723,72.97073171,73.782,80.79731707,69.891,74.745,78.717,75.193,70.046,66.265,50.129,81.8,76.67562361,83.19756098,82.252,79.504,75.629,55.508,57.083,58.828,62.582,76.322,63.214,71.886,79.398,73.15059179,78.521,77.97560976,82.1902439,80.178,78.82439024,81.0902439,63.171,76.59756098,80.7,73.003,75.878,74.22573699,69.46091897,75.12686996,72.26466946,77.2831149,75.923,71.117,81.9429827,64.201,83.22926829,77.03414634,64.547,80.87044756,61.22457379,81.1804878,67.03,82.7195122,81.59268293,67.152,64.318,81.30487805,72.707,62.416,59.016,60.667,56.556,57.001,81.38536585,72.503,71.98560976,72.935,78.895,69.049,80.51905621,83.9804878,74.278,61.33431413,77.47804878,62.069,75.76341463,72.43263708,70.08555605,62.83647928,60.89369396,70.481,63.81753712,77.96585366,68.286,81.34878049,75.502,69.7,82.86097561,82.15365854,83.0902439,74.042,73.969,83.58780488,71.44,64.135,70.40243902,68.273,66.995,71.33658537,81.72195122,75.019,74.69784169,66.144,78.732,61.723,71.981,75.44,74.7990465,63.50724863,61.769218,82.07317073,76.147,67.86850109,69.98896203,49.891,75.19971938,74.51707317,82.22926829,74.12439024,83.543,79.17317073,75.477,71.267,65.133,77.36,73.32643778,74.908,65.23902439,70.87211169,75.45121951,57.036,82.04634146,65.378,72.80116693,76.44146341,68.863,56.062,63.654,74.19439024,61.042,75.268,79.13808291,61.425,77.23658537,60.07,52.672,73.429,81.70731707,82.1,69.168,81.40487805,79.91185268,76.634,66.89436358,66.36,77.583,75.529,70.481,69.81146341,63.181,77.60243902,58.98778122,79.20246341,71.198,81.12195122,73.473,73.303,69.26553985,80.52726493,76.546,79.646,74.9097561,70.74365854,66.884,68.34020332,74.533,64.169,66.37,82.49512195,71.896,52.372,72.175,55.509,75.33658537,59.40349335,56.552,59.40479692,68.20777193,69.052,71.133,76.81219512,81.07804878,82.25365854,53.569,77.06829268,73.22926829,69.821,52.789,74.26355766,72.88198146,59.58,75.747,69.874,67.552,74.7001817,68.197,72.79524159,70.427,68.34020332,59.40479692,72.768,75.734,76.172,62.288,60.669,71.18658537,74.69744615,77.244,78.84146341,70.671,72.01,72.762,78.86829268,75.056,69.719,71.74605473,72.549,71.09756098,66.066,61.968,60.831,58.41
2015,75.725,62.25928837,63.377,56.54200914,59.398,78.025,71.24957097,77.285,76.068,74.467,76.483,82.4,81.1902439,72.266,60.123,80.99268293,60.608,59.919,71.514,74.61463415,76.762,73.088,76.865,73.62439024,74.034,81.01219512,70.277,74.994,78.801,75.318,70.419,67.338,50.881,81.9,76.57187776,82.89756098,82.429,79.646,75.928,56.065,57.583,59.254,63.097,76.531,63.471,72.117,79.565,73.2730249,78.561,78.07560976,82.1902439,80.35,78.57804878,80.64146341,64.136,76.59756098,80.70243902,73.241,76.09,74.50227185,69.74850623,75.39461357,72.5943148,77.240549,76.143,71.302,81.5692291,64.664,82.83170732,77.5902439,65.048,80.56680714,61.57315709,81.4804878,67.103,82.32195122,81.79268293,67.315,64.913,80.95609756,72.973,62.772,59.598,60.91,56.959,57.359,81.03658537,72.445,71.97731707,73.25,79.144,69.262,80.39818488,84.27804878,74.495,61.85295289,77.27560976,62.485,75.56829268,72.70217789,70.36392899,63.23250634,61.25627871,70.768,64.23166675,77.96585366,68.607,81.45365854,75.796,69.929,82.46829268,82.05121951,82.54390244,74.098,74.078,83.79390244,71.97,64.798,70.65121951,68.637,67.291,71.33658537,82.02439024,75.13,74.87908537,66.546,78.768,62.269,72.121,75.596,74.96168764,63.94607099,62.22220761,82.65609756,76.316,68.16457082,70.27456888,51.038,75.47271954,74.32195122,82.29268293,74.4804878,83.707,79.32195122,75.726,71.478,65.539,77.691,73.51484469,74.904,65.23902439,71.15194531,75.40243902,57.509,81.89756098,65.81,73.00029604,76.44878049,69.111,57.206,63.936,74.35317073,61.953,75.461,79.01211433,62.119,77.2804878,60.631,53.112,73.649,81.5097561,82.30487805,69.515,81.45682927,79.81127706,76.887,67.4051718,66.577,77.776,75.792,70.644,69.81146341,63.466,77.45121951,59.51195887,79.3534878,71.481,81.12439024,73.662,73.442,69.44447786,80.39500807,76.787,79.758,74.91219512,71.18341463,67.45,68.64190072,74.651,64.429,66.747,82.74390244,72.173,52.941,72.412,55.92,75.28780488,59.95148449,56.855,59.95283057,68.61396325,69.377,71.249,76.56341463,80.77560976,82.20487805,55.359,77.2195122,74.29512195,69.908,53.137,74.53991042,73.14732169,59.927,76.091,70.137,67.704,74.86655945,68.459,72.99505254,70.517,68.64190072,59.95283057,72.941,75.922,76.532,63.111,61.373,71.1895122,74.98308402,77.369,78.6902439,70.928,72.095,72.584,79.01707317,75.11,69.869,71.95211472,72.73,71.34634146,66.085,62.649,61.737,59.534
2016,75.868,62.78768149,63.763,56.97476115,59.925,78.194,71.43654717,77.47,76.221,74.64,76.617,82.44878049,81.64146341,72.493,60.528,81.43902439,60.885,60.354,71.785,74.81219512,76.899,73.329,76.998,73.82682927,74.219,81.22707317,70.626,75.23,78.888,75.45,70.781,68.178,51.593,81.9,76.96981142,83.60243902,82.6,79.779,76.21,56.567,58.063,59.655,63.556,76.732,63.7,72.347,79.738,73.39595799,78.607,77.7195122,82.1902439,80.513,79.02682927,80.9902439,65.064,76.59756098,80.85365854,73.471,76.298,74.76204668,70.01123507,75.63814963,72.95392532,77.59564067,76.365,71.482,81.95454532,65.111,83.32926829,77.64146341,65.482,80.94986464,61.91091159,81.42926829,67.175,82.57317073,82.09268293,67.471,65.418,81.15609756,73.207,63.124,60.17,61.166,57.328,57.713,81.38780488,72.408,71.82512195,73.541,79.391,69.454,80.54730966,84.22682927,74.701,62.32328464,78.02195122,62.896,76.06341463,72.96134179,70.62709533,63.59930113,61.58796584,71.035,64.61707349,77.96585366,68.897,81.65365854,76.047,70.122,82.20487805,82.40731707,83.24390244,74.175,74.184,83.98487805,72.41,65.393,70.95121951,68.977,67.577,71.33658537,82.27560976,75.224,75.05644212,66.924,78.8,62.802,72.311,75.752,75.12202318,64.34418979,62.64103791,82.25853659,76.482,68.43899604,70.53950024,52.059,75.74817476,74.67073171,82.68536585,74.5804878,83.854,79.52195122,75.974,71.617,65.931,78.013,73.71077102,74.917,65.23902439,71.41252944,75.4,57.987,82.45365854,66.205,73.19817528,76.44146341,69.321,58.309,64.208,74.39487805,62.681,75.649,78.8773349,62.625,76.93170732,61.137,53.541,73.86,81.56097561,82.40731707,69.848,81.61243902,79.96054138,77.142,67.83293162,66.77,77.964,76.044,70.802,69.81146341,63.744,77.85121951,59.99193225,79.49497561,71.711,81.12439024,73.836,73.589,69.61374205,80.5494536,77.024,79.868,75.2097561,71.65121951,67.93,68.9161581,74.761,64.663,67.078,82.84634146,72.424,53.444,72.644,56.324,75.68780488,60.44110945,57.12,60.44239356,68.95841795,69.67,71.358,77.16585366,81.17560976,82.30731707,56.962,78.29268293,74.3097561,70.315,53.438,74.79995657,73.50717104,60.22,76.403,70.397,67.835,75.03055859,68.735,73.19351106,70.607,68.9161581,60.44239356,73.1,76.115,76.86,63.844,61.986,71.47634146,75.25218244,77.498,78.53902439,71.171,72.193,72.405,79.16829268,75.172,70.021,72.18623,72.895,71.84634146,66.087,63.153,62.464,60.294
2017,76.01,63.24626353,64.13,57.3823627,60.379,78.333,71.62267043,77.647,76.372,74.797,76.752,82.5,81.64390244,72.693,60.898,81.49268293,61.174,60.768,72.052,74.81463415,77.032,73.554,77.128,74.12926829,74.365,81.44195122,70.945,75.456,78.981,75.585,71.129,68.812,52.24,81.9,76.94744264,83.55121951,82.766,79.909,76.47,57.017,58.511,60.026,63.954,76.925,63.912,72.57,79.914,73.51748995,78.662,78.01707317,82.1902439,80.672,78.97804878,80.99268293,65.893,76.59756098,81.10243902,73.689,76.499,75.0019151,70.2542347,75.86925064,73.42307659,77.78995657,76.584,71.656,81.93231636,65.538,83.28292683,78.09268293,65.872,80.93083864,62.22447221,81.63170732,67.252,82.57560976,82.29268293,67.618,65.839,81.25609756,73.414,63.463,60.706,61.44,57.673,58.061,81.28780488,72.388,71.5797561,73.81,79.631,69.624,80.59037948,84.6804878,74.898,62.74867177,77.82682927,63.29,75.81707317,73.20754938,70.87332642,63.93709809,61.8891292,71.282,64.97389628,77.96585366,69.165,82.15609756,76.271,70.294,82.66097561,82.55121951,82.94634146,74.267,74.292,84.0997561,72.95,65.909,71.2,69.289,67.851,71.33658537,82.62682927,75.311,75.23086778,67.277,78.833,63.295,72.52,75.907,75.28208661,64.7062796,63.02851687,83.74634146,76.648,68.69191646,70.79130031,52.947,76.01767874,75.4804878,82.09512195,74.62926829,83.989,79.62195122,76.218,71.717,66.311,78.325,73.89981806,74.947,65.23902439,71.66188054,75.95365854,58.452,82.34634146,66.558,73.39421523,76.48536585,69.509,59.309,64.464,74.51463415,63.279,75.828,78.87909197,63.021,77.53902439,61.599,53.95,74.068,81.76097561,82.6097561,70.169,81.65853659,80.00517017,77.393,68.22492354,66.947,78.149,76.286,70.952,69.81146341,64.01,77.75365854,60.42745654,79.63453659,71.91,81.42439024,73.992,73.74,69.77428325,80.59751723,77.251,79.981,75.3097561,72.45146341,68.341,69.17132773,74.874,64.881,67.38,83.09512195,72.645,53.895,72.872,56.709,75.53902439,60.87879141,57.365,60.8800163,69.27615231,69.933,71.463,77.16585366,81.02926829,82.4097561,58.319,75.75749129,74.3,70.967,53.712,75.0402245,73.90360241,60.489,76.683,70.647,67.956,75.19428209,69.007,73.39007584,70.701,69.17132773,60.8800163,73.245,76.31,77.161,64.479,62.516,71.78097561,75.52224184,77.632,78.53902439,71.388,72.3,72.246,79.36829268,75.241,70.172,72.39169867,73.046,72.29512195,66.086,63.538,63.043,60.812
2018,76.152,63.64898804,64.486,57.76234679,60.782,78.458,71.80707511,77.814,76.52,74.945,76.885,82.74878049,81.69268293,72.864,61.247,81.59512195,61.47,61.174,72.32,74.96341463,77.163,73.752,77.262,74.17560976,74.496,81.65170732,71.239,75.672,79.081,75.722,71.46,69.275,52.805,82.04878049,76.97682268,83.75365854,82.928,80.042,76.704,57.422,58.921,60.368,64.29,77.109,64.118,72.782,80.095,73.63710628,78.726,76.92283814,82.1902439,80.828,79.02926829,80.89268293,66.582,76.59756098,80.95365854,73.892,76.693,75.21766316,70.48323834,76.07251549,73.60003336,77.90925304,76.8,71.825,82.04958117,65.941,83.43170732,78.24390244,66.24,81.02702351,62.49355186,81.73414634,67.341,82.67560976,82.54390244,67.755,66.187,81.25609756,73.6,63.78,61.185,61.735,58.003,58.402,81.78780488,72.384,71.88658537,74.063,79.859,69.774,80.69046098,84.93414634,75.088,63.13499116,78.07073171,63.66,76.06585366,73.41233043,71.08109917,64.2486762,62.16186739,71.509,65.30530983,77.96585366,69.416,82.20487805,76.479,70.454,82.86097561,82.80243902,83.34634146,74.368,74.405,84.21097561,73.15,66.342,71.4,69.57,68.116,71.33658537,82.62682927,75.398,75.40154073,67.61,78.875,63.73,72.724,76.057,75.4408494,65.03826936,63.3907771,83.04146341,76.812,68.91902295,71.00394977,53.705,76.22765579,75.6804878,82.29512195,74.78292683,84.118,79.82195122,76.453,71.808,66.681,78.627,74.08883309,74.992,65.23902439,71.87083176,76.64878049,58.893,82.44878049,66.867,73.5873387,76.84146341,69.689,60.163,64.704,74.41634146,63.798,75.997,78.98679051,63.373,77.43414634,62.024,54.332,74.275,81.81219512,82.75853659,70.478,81.85853659,80.10275237,77.633,68.54826055,67.114,78.329,76.516,71.095,69.81146341,64.263,77.60243902,60.820942,79.77819512,72.095,81.32439024,74.131,73.895,69.9290488,80.6916639,77.462,80.1,75.35853659,72.66219512,68.7,69.41226994,74.998,65.095,67.665,83.29756098,72.835,54.309,73.096,57.068,75.8902439,61.27199431,57.604,61.27303249,69.54213469,70.17,71.57,77.26585366,81.37804878,82.55853659,59.401,75.75749129,72.84146341,71.779,53.977,75.2562801,74.04564655,60.76,76.931,70.879,68.073,75.35732803,69.26,73.58362363,70.801,69.41226994,61.27303249,73.38,76.505,77.437,65.015,62.973,71.58268293,75.73594954,77.77,78.63902439,71.573,72.415,72.128,79.5195122,75.317,70.323,72.57441451,73.187,72.69512195,66.096,63.857,63.51,61.195
2019,76.293,64.00521262,64.833,58.11572272,61.147,78.573,71.98970937,77.972,76.667,75.087,77.016,82.9,81.89512195,73.005,61.584,81.99512195,61.771,61.577,72.591,75.11219512,77.292,73.918,77.401,74.22682927,74.623,81.86658537,71.513,75.881,79.19,75.86,71.777,69.592,53.283,82.04878049,77.26684409,83.90487805,83.086,80.181,76.912,57.783,59.292,60.681,64.57,77.287,64.321,72.981,80.279,73.75473231,78.802,76.92283814,82.1902439,80.982,79.22926829,81.29268293,67.112,76.59756098,81.45121951,74.081,76.88,75.40970324,70.70120132,76.26687587,73.87585437,78.15912746,77.01,71.99,82.32618278,66.321,83.83170732,78.64634146,66.597,81.31327017,62.76996572,81.98292683,67.444,82.82682927,82.79268293,67.883,66.467,81.20487805,73.767,64.074,61.602,62.05,58.322,58.735,81.63902439,72.397,72.04756098,74.302,80.074,69.906,80.88625245,85.07804878,75.27,63.48645533,78.42439024,64.001,76.3195122,73.61554424,71.28109989,64.53694883,62.40899722,71.716,65.61430772,77.96585366,69.656,82.70243902,76.677,70.604,83.16341463,82.80487805,83.49756098,74.475,74.526,84.35634146,73.18,66.699,71.6,69.823,68.369,71.33658537,83.22682927,75.489,75.57017585,67.923,78.93,64.104,72.913,76.203,75.60149504,65.34393251,63.73199495,84.16097561,76.978,69.13682123,71.20490805,54.331,76.44128813,76.28292683,82.63902439,75.38780488,84.244,79.97317073,76.68,71.901,67.041,78.921,74.2708741,75.054,65.23902439,72.06943928,76.60243902,59.306,82.85853659,67.134,73.77758932,76.68292683,69.87,60.854,64.925,74.23585366,64.263,76.156,79.12336528,63.708,77.63414634,62.42,54.687,74.485,82.11219512,82.95853659,70.778,81.70731707,80.2864427,77.861,68.83558489,67.273,78.506,76.736,71.231,69.81146341,64.501,77.90487805,61.17597806,79.9285122,72.274,81.67560976,74.254,74.053,70.07973149,80.89110833,77.657,80.227,75.60731707,73.08390244,69.024,69.64361743,75.133,65.311,67.941,83.59512195,72.996,54.696,73.317,57.397,75.93658537,61.6263562,57.846,61.62745154,69.78132338,70.385,71.682,77.66585366,81.52926829,83.1097561,60.194,75.75749129,74.04634146,72.697,54.239,75.44843511,74.32073536,61.042,77.15,71.097,68.191,75.52038777,69.495,73.77423568,70.907,69.64361743,61.62745154,73.507,76.699,77.691,65.456,63.368,71.82731707,75.94022533,77.911,78.78780488,71.725,72.534,72.064,79.66829268,75.4,70.474,72.76322287,73.321,73.09268293,66.125,64.131,63.886,61.49
